См	8	9	11	12	13	14	15	16	17	18	19	20	23	24	25	25а	26	26а	27	27a	28	29	30	31	32	33	34	35	35а	36	37	38	53	53а	54	55	56	57	58	59	60	61	62	63	64	65	66	67	68	69	70	71	72	73	74	75	76	77	78	79	80	81	82	83	84	85	86	87	88	89	90	91	92	93	94	95	96	99	100	101	105	106	144	03G	05G	07G	10G	50G	51G	54G	903RG	908RG	100G	144G	1200G	1201G	1208G	1209G	1228G	1229G	1407G	1441G	1519G	1520G	1569G	1602G	1615G	1722G	1780G	5103ПG	9102G	9503ABПG	14071G	9503аG
0																																																																																																																		
1	15	15	15	15	15	15	15	15	15	15	15		15	15	20	1	20	1	20	1	20	20	1	1			15	5	5		15	15	20	1	1	1	10	1	1	1	1	1	1	5					25	23	159			23	23		20	21	11	12	2			21			6	15				23	23	24	23	1	1	6			6	6	22	3	5	8	8	21	20	19	20	22	33	22	21	21	29	23	30	30	20	22	22		23	20	22		23	24	22	30	21	29
2	55	55	55	55	55	55	55	55	55	55	55		55	55	60	5	60	5	60	5	75	75	5	5			45	15	15		45	45	65	5	5	5	40	5	5	5	5	26	12	40					71	64	255			64	64	12	60	60	33	34	6			61	10		22					66	65	69	64	6	6	20			22	22	62	8	16	22	22	31	57	55	57	62	92	62	59	59	82	64	86	84	56	63	64		64	57	63		64	68	63	84	58	82
3	100	100	100	100	100	100	100	100	100	100	100		100	100	110	15	110	15	110	15	135	135	15	15			85	25	25		85	85	120	15	15	15	90	15	15	15	15	51	24	90		15	15	52	130	118	351	30	14	118	118	32	110	110	60	62	17	15	15	112	31	15	48	44			15	122	12	127	117	17	17	45	20	20	49	49	115	15	29	40	40	80	105	102	105	114	145	115	109	109	152	118	158	154	103	115	118		118	105	115		118	125	115	154	107	152
4	155	155	155	155	155	150	155	155	155	155	155		155	155	170	35	170	35	170	35	205	210	25	20			130	35	35		130	130	180	40	35	35	125	40	35	25	35	75	35	150	40	35	38	71	201	182	448	76	35	182	182	70	170	169	93	95	34	174	37	173	69	37	87	97	28	26	39	188	186	196	181	34	34	82	43	44	88	89	178	23	44	62	62	139	162	157	163	176	260	178	168	168	234	182	244	237	159	178	181		183	163	178		182	193	178	237	165	234
5	215	215	215	215	215	210	215	215	215	215	215		215	220	240	75	240	75	240	75	240	260	45	70			180	50	50		185	180	255	80	70	70	235	75	70	50	70	155	80	225	90	70	80	113	281	254	550	159	75	255	255	120	240	237	130	216	59	270	78	243	118	79	140	166	68	71	82	263	260	274	253	59	59	131	86	87	141	142	248	32	62	87	87	206	226	220	227	246	363	248	235	235	327	255	341	332	222	249	254		256	227	249		255	270	249	332	231	327
6	285	285	285	285	285	280	280	280	280	280	280		280	285	315	125	315	125	315	125	370	370	85	135			240	70	70		245	210	335	135	115	115	340	120	115	90	120	260	130	315	155	115	136	159	370	335	656	267	126	336	336	179	310	311	201	359	93	366	131	320	176	132	204	248	121	125	138	346	342	360	333	93	93	192	142	144	206	208	327	42	81	114	114	280	297	289	229	324	453	327	309	310	430	335	449	436	292	328	334		336	229	328		335	355	327	437	304	430
7	360	360	360	360	360	355	355	355	355	355	355		355	360	395	185	395	185	395	185	495	495	130	225			300	85	85		305	305	420	200	165	165	450	180	170	145	175	385	195	415	235	170	201	216	467	422	767	396	187	424	424	245	390	392	273	482	136	463	194	404	243	196	278	341	183	188	204	436	432	454	420	137	137	263	208	211	280	282	412	53	103	144	144	360	375	365	337	409	600	412	390	390	542	423	566	550	369	414	421		424	337	414		423	447	413	550	383	542
8	435	440	435	440	440	435	435	435	435	435	435		435	440	480	255	480	255	480	255	625	625	185	325			370	100	100		375	370	510	275	220	220	575	245	230	205	235	525	265	530	320	230	275	284	571	516	881	541	257	518	518	319	480	479	353	603	190	565	265	494	316	268	359	443	254	263	280	533	528	556	513	191	191	341	283	288	362	366	504	65	125	176	176	447	457	447	461	500	732	504	477	477	663	518	692	672	451	506	515		519	461	506		518	546	505	672	469	663
9	520	520	520	525	525	520	520	520	520	520	520		520	525	575	330	575	335	575	335	765	765	245	445			440	120	120		445	440	610	360	285	285	705	315	300	275	310	680	345	665	420	300	358	352	682	616	1000	702	334	619	619	399	570	572	440	725	244	671	344	589	396	348	449	555	332	331	363	636	631	664	613	255	256	426	366	372	451	456	602	78	150	210	210	539	545	534	551	597	849	602	569	570	791	618	826	803	539	604	615		619	551	605		618	651	603	802	559	791
10	610	610	610	610	610	605	605	610	610	605	605		610	615	675	410	675	415	675	415	915	915	315	575			515	145	140		520	515	715	450	355	355	845	390	370	350	385	845	430	835	520	370	447	401	799	722	1124	877	418	725	725	486	670	670	534	849	317	782	430	691	481	435	545	675	417	431	454	745	740	778	718	328	331	518	456	464	547	554	706	92	175	245	246	636	638	626	645	700	1021	706	667	667	927	724	968	940	632	708	721		726	645	709		725	762	707	939	655	927
11	705	705	705	705	705	700	700	700	705	700	700		705	710	775	495	775	495	775	495	1065	1065	385	715			590	170	160		600	595	825	545	430	430	995	475	450	435	465	1025	525	1005	635	450	543	517	922	834	1251	1065	508	837	837	578	780	773	634	976	398	896	522	798	573	528	647	802	509	526	552	860	854	898	828	409	415	615	553	563	650	658	815	106	202	283	284	738	735	723	744	808	1177	815	770	770	1069	836	1117	1085	730	817	832		838	744	818		836	879	816	1083	756	1069
12	805	805	800	805	805	800	800	800	800	800	800		800	805	885	590	885	595	885	595	1235	1230	460	875			675	185	185		685	680	940	645	510	510	1150	560	535	525	550	1220	620	1205	755	530	646	622	1051	950	1383	1265	604	954	955	675	880	880	740	1108	485	1015	620	909	669	627	755	937	607	627	656	980	973	1023	944	496	506	718	656	668	759	767	929	122	230	322	324	845	837	824	848	921	1316	929	877	877	1218	953	1273	1236	832	932	949		955	848	933		954	1001	930	1234	862	1219
13	905	905	905	905	905	900	900	900	900	900	900		900	905	995	690	1000	695	995	695	1400	1400	550	1040			760	215	210		775	765	1060	755	595	595	1315	655	615	625	640	1420	725	1385	880	620	755	715	1185	1072	1518	1476	705	1076	1077	777	1000	992	851	1242	578	1139	724	1026	770	733	869	1079	710	733	766	1106	1098	1154	1064	590	604	827	765	779	873	883	1048	137	259	363	365	957	943	930	957	1039	1509	1048	989	989	1374	1075	1435	1394	939	1051	1070		1077	957	1052		1076	1128	1049	1391	972	1374
14	1010	1010	1010	1010	1010	1005	1005	1005	1005	1005	1005		1005	1010	1110	790	1115	795	1110	795	1575	1575	640	1210			845	240	240		865	855	1180	870	685	685	1485	750	625	725	740	1635	835	1580	1015	715	869	901	1325	1198	1658	1698	812	1203	1204	885	1110	1109	968	1381	677	1266	833	1147	876	843	988	1227	819	844	882	1236	1228	1291	1180	689	709	940	880	896	993	1004	1171	154	290	405	408	1073	1053	1040	1069	1162	1685	1171	1105	1106	1535	1202	1604	1558	1049	1175	1196		1204	1069	1177		1203	1260	1173	1555	1086	1536
15	1120	1120	1120	1120	1120	1115	1115	1115	1115	1115	1115		1115	1120	1230	900	1235	905	1230	905	1760	1760	740	1395			940	260	260		955	950	1310	985	775	775	1660	855	715	830	840	1860	945	1780	1155	810	988	1035	1470	1329	1801	1930	923	1334	1336	996	1240	1229	1090	1523	782	1398	947	1272	986	959	1112	1381	932	962	1003	1371	1362	1432	1294	794	819	1059	1000	1018	1118	1130	1299	171	321	448	453	1192	1167	1154	1186	1289	1893	1299	1226	1226	1702	1334	1779	1728	1164	1303	1327		1335	1186	1306		1334	1396	1301	1724	1205	1703
16	1230	1230	1230	1235	1235	1225	1230	1230	1239	1225	1225		1230	1235	1355	1010	1360	1015	1355	1015	1945	1950	840	1590			1035	285	285		1050	1045	1445	1110	870	875	1845	960	815	940	940	2090	1065	1980	1300	910	1113	1139	1620	1464	1947	2172	1040	1470	1472	1112	1360	1354	1216	1668	891	1533	1066	1402	1101	1079	1241	1542	1051	1083	1129	1510	1501	1578	1410	904	935	1182	1125	1146	1247	1261	1432	188	353	493	499	1316	1284	1271	1306	1420	2054	1432	1350	1351	1875	1470	1960	1903	1283	1436	1462		1471	1306	1439		1470	1537	1434	1898	1327	1876
17	1345	1350	1345	1350	1350	1340	1345	1345	1345	1340	1340		1345	1350	1485	1125	1485	1135	1485	1125	2110	2145	945	1790			1130	320	305		1150	1145	1530	1235	970	975	2035	1070	1020	1055	1050	2330	1190	2180	1450	1015	1243	1211	1774	1604	2098	2423	1161	1610	1613	1232	1490	1482	1347	1818	1006	1673	1190	1536	1220	1204	1375	1708	1174	1210	1260	1654	1644	1728	1528	1019	1057	1310	1255	1278	1382	1397	1568	206	386	539	546	1444	1405	1393	1431	1556	2247	1568	1478	1479	2053	1610	2146	2084	1406	1573	1602		1612	1431	1576		1611	1682	1571	2078	1453	2055
18	1465	1470	1465	1470	1470	1460	1465	1465	1465	1460	1460		1465	1470	1615	1245	1615	1255	1615	1245	2340	2345	1055	2005			1230	350	335		1255	1245	1720	1370	1075	1075	2225	1185	1125	1175	1165	2580	1320	2405	1605	1125	1377	1343	1933	1748	2251	2683	1286	1755	1758	1357	1620	1614	1482	1971	1125	1816	1318	1674	1342	1334	1513	1879	1302	1341	1396	1801	1792	1883	1648	1138	1183	1442	1390	1415	1521	1538	1709	225	420	586	595	1576	1529	1518	1559	1696	2423	1709	1611	1611	2237	1755	2338	2270	1532	1714	1745		1756	1559	1718		1755	1832	1711	2263	1583	2238
19	1590	1590	1590	1590	1595	1585	1585	1585	1590	1585	1585		1585	1595	1750	1370	1750	1375	1750	1375	2545	2550	1175	2225			1330	375	375		1360	1350	1865	1505	1180	1185	2425	1305	1240	1300	1280	2840	1450	2900	1765	1235	1516	1456	2097	1895	2408	2952	1416	1903	1907	1485	1760	1750	1672	2127	1249	1962	1430	1815	1469	1468	1656	2056	1434	1476	1537	1953	1943	2042	1773	1262	1314	1578	1529	1557	1664	1683	1854	244	455	635	645	1711	1656	1647	1690	1839	2650	1854	1746	1747	2425	1904	2535	2461	1662	1859	1893		1904	1690	1863		1904	1985	1856	2454	1717	2427
20	1715	1715	1715	1715	1720	1710	1710	1710	1715	1710	1710		1710	1720	1890	1500	1890	1505	1890	1505	2755	2760	1295	2450			1435	405	405		1465	1455	2010	1645	1290	1295	2635	1425	1355	1430	1400	3105	1585	3170	1935	1350	1659	1618	2265	2047	2568	3229	1550	2055	2059	1617	1900	1889	1766	2287	1377	2113	1547	1961	1599	1606	1802	2238	1570	1617	1681	2108	2099	2206	1901	1391	1450	1718	1673	1704	1812	1832	Vol_20=2002	264	491	685	696	1849	1787	1779	1825	1987	2859	2002	1885	1886	2618	2056	2738	2657	1795	2008	2045		2057	1825	2013		2057	2143	2005	2649	1853	2620
21	1845	1845	1845	1845	1850	1840	1840	1840	1845	1835	1840		1840	1845	2030	1630	2035	1635	2030	1635	2975	2975	1415	2685			1545	435	420		1575	1565	2160	1790	1405	1405	2840	1550	1475	1565	1520	3380	1725	3450	2105	1470	1807	1803	2437	2202	2732	3514	1688	2211	2216	1752	2040	2031	1914	2450	1509	2266	1667	2110	1732	1748	1953	2425	1710	1761	1831	2268	2258	2374	2035	1523	1590	1862	1821	1854	1964	1985	Vol_21=2154	284	528	735	749	1991	1921	1915	1963	2138	3050	2154	2028	2029	2816	2213	2945	2858	1932	2160	2200		2213	1963	2166		2213	2304	2157	2849	1994	2819
22	1975	1980	1975	1980	1980	1970	1970	1975	1975	1965	1970		1975	1975	2175	1765	2180	1765	2175	1765	3195	3195	1540	2920			1655	470	455		1685	1675	2315	1940	1520	1525	3065	1680	1595	1700	1650	3660	1870	3735	2280	1590	1959	1968	2613	2362	2898	3807	1829	2371	2376	1891	2190	2177	2066	2617	1645	2423	1792	2262	1869	1894	2108	2617	1855	1908	1984	2432	2422	2545	2174	1651	1726	2010	1972	2009	2120	2142	Vol_22=2310	304	565	787	802	2136	2058	2053	2104	2292	3292	2310	2174	2175	3019	2373	3157	3064	2072	2316	2359		2372	2104	2323		2373	2469	2313	3053	2137	3022
23	2110	2115	2110	2115	2115	2105	2105	2110	2110	2100	2105		2110	2110	2325	1905	2330	1905	2325	1905	3420	3420	1670	3170			1765	495	495		1800	1790	2475	2090	1640	1645	3285	1810	1725	1840	1775	3945	2020	4025	2460	1715	2114	2116	2793	2524	3067	4107	1975	2534	2540	2034	2340	2326	2221	2786	1786	2583	1920	2418	2009	2044	2266	2813	2002	2061	2141	2599	2589	2721	2321	1777	1859	2162	2128	2168	2280	2303	Vol_23=2469	325	603	840	857	2284	2197	2195	2249	2450	3515	2469	2323	2324	3226	2536	3374	3274	2215	2476	2521		2536	2249	2483		2537	2637	2472	3262	2284	3229
24	2245	2250	2250	2250	2255	2240	2240	2245	2250	2240	2240		2245	2250	2475	2045	2480	2055	2475	2045	3645	3650	1800	3425			1880	520	520		1915	1905	2635	2245	1765	1765	3505	1945	1850	1985	1910	4240	2170	4325	2645	1845	2274	2268	2977	2690	3240	4415	2124	2701	2708	2180	2500	2578	2380	2959	1929	2747	2052	2577	2153	2198	2428	3014	2154	2216	2302	2770	2760	2900	2480	1904	1993	2317	2288	2331	2444	2468	Vol_24=2631	347	642	893	913	2436	2340	2340	2396	2612	3720	2631	2475	2476	3437	2704	3596	3489	2361	2639	2687		2703	2396	2647		2704	2809	2635	3475	2434	3441
25	2385	2390	2390	2390	2395	2380	2380	2385	2390	2380	2380		2385	2390	2630	2190	2635	2195	2630	2195	3880	3885	1935	3690			1995	555	545		2035	2020	2800	2405	1885	1890	3735	2085	1985	2135	2045	4545	2325	4625	2855	1975	2437	2449	3164	2860	3415	4730	2276	2871	2879	2329	2650	2633	2543	3135	2077	2914	2186	2740	2300	2355	2594	3220	2309	2374	2467	2944	2934	3083	2647	2032	2129	2475	2451	2497	2611	2637	Vol_25=2797	368	681	948	970	2590	2485	2488	2546	2777	3975	2797	2631	2632	3653	2874	3822	3708	2509	2805	2857		2873	2546	2814		2875	2984	2801	3693	2586	3657
26	2530	2530	2530	2535	2535	2520	2525	2530	2530	2520	2520		2530	2530	2785	2340	2790	2345	2785	2345	4120	4125	2065	3955			2115	590	565		2155	2140	2965	2565	2010	2015	3970	2225	2115	2285	2185	4850	2485	4935	3225	2110	2604	2646	3356	3033	3593	5051	2432	3044	3056	2481	2810	2791	2709	3314	2228	3084	2325	2906	2449	2516	2763	3429	2468	2537	2636	3122	3112	3268	2818	2163	2267	2637	2618	2668	2782	2809	Vol_26=2966	391	721	1003	1028	2748	2632	2638	2700	2945	4211	2966	2789	2790	3873	3048	4052	3931	2661	2975	3030		3046	2700	2984		3049	3162	2970	3915	2742	3877
27	2675	2675	2675	2680	2680	2665	2670	2675	2675	2665	2665		2675	2675	2945	2490	2950	2495	2945	2495	4365	4365	2210	4230			2235	630	605		2280	2265	3140	2735	2145	2145	4210	2370	2255	2440	2325	5165	2650	5250	3425	2245	2775	2795	3551	3209	3774	5380	2591	3221	3231	2637	2970	2952	2879	3496	2383	3257	2467	3074	2602	2680	2936	3643	2630	2705	2808	3302	3283	3458	2991	2297	2409	2802	2788	2842	2957	2985	Vol_27=3139	413	762	1060	1087	2908	2783	2792	2856	3116	4430	3139	2950	2951	4097	3226	4287	4158	2816	3148	3206		3223	2856	3158		3226	3344	3143	4140	2900	4101
28	2820	2825	2820	2825	2830	2815	2815	2820	2825	2810	2815		2820	2825	3110	2645	3115	2655	3105	2645	4610	4615	2350	4510			2360	660	645		2405	2390	3310	2900	2275	2280	4455	2515	2395	2600	2470	5485	2815	5570	3630	2385	2949	3024	3749	3388	3958	5715	2754	3401	3412	2795	3140	3116	3052	3680	2541	3433	2612	3246	2757	2847	3112	3861	2795	2872	2984	3486	3477	3653	3168	2435	2555	2971	2962	3019	3135	3164	Vol_28=3314	436	803	1117	1147	3071	2936	2948	3015	3290	4697	3314	3114	3115	4325	3406	4526	4390	2974	3324	3385		3403	3015	3335		3407	3529	3319	4370	3062	4330
29	2970	2975	2970	2975	2980	2965	2965	2970	2975	2960	2965		2970	2975	3275	2800	3280	2805	3270	2805	4850	4865	2495	4795			2485	690	665		2530	2515	3485	3075	2410	2415	4700	2665	2535	2760	2615	5815	2980	5895	3830	2525	3127	3230	3951	3570	4144	6056	2920	3584	3596	2956	3310	3282	3228	3868	2702	3611	2761	3421	2916	3018	3291	4083	2964	3045	3163	3673	3665	3849	3348	2577	2705	3142	3140	3200	3316	3347	Vol_29=3492	459	845	1175	1208	3236	3091	3107	3176	3468	4946	3492	3281	3282	4557	3590	4769	4625	3134	3502	3567		3586	3176	3515		3591	3717	3497	4604	3226	4562
30	3125	3125	3125	3139	3130	3115	3120	3125	3125	3110	3115		3120	3125	3445	2960	3445	2965	3440	2965	5115	5120	2645	5130			2610	730	705		2660	2645	3665	3250	2560	2550	4950	2820	2680	2930	2765	6145	3155	6230	3840	2670	3308	3402	4156	3755	4333	6404	3088	3770	3783	3121	3480	3451	3407	4058	2867	3792	2912	3599	3077	3191	3474	4309	3136	3222	3345	3864	3855	4050	3532	2725	2862	3316	3320	3384	3501	3533	Vol_30=3674	483	888	1233	1270	3405	3249	3269	3340	3648	5177	3674	3450	3451	4792	3777	5016	4864	3297	3684	3752		3772	3340	3698		3777	3908	3679	4841	3392	4798
31	3280	3280	3280	3285	3285	3270	3275	3280	3280	3265	3270		3275	3280	3615	3125	3615	3135	3610	3425	5375	5330	2815	5465			2740	755	745		2790	2775	3850	3425	2690	2690	5205	2975	2830	3105	2920	6485	3330	6565	4055	2815	3492	3647	4365	3944	4524	6758	3260	3959	3973	3288	3650	3623	3590	4251	3034	3976	3067	3779	3241	3368	3659	4538	3311	3399	3531	4057	4048	4253	3717	2880	3025	3494	3504	3572	3688	3722	Vol_31=3858	507	931	1292	1333	3575	3409	3433	3507	3831	5454	3858	3622	3624	5031	3966	5267	5107	3462	3869	3941		3961	3507	3884		3967	4101	3863	5082	3561	5038
32	3435	3435	3435	3440	3440	3425	3430	3435	3440	3420	3425		3435	3435	3785	3290	3790	3295	3785	3285	5635	5640	2980	5810			2870	800	785		2920	2905	4030	3605	2830	2845	5465	3130	2980	3285	3075	6830	3505	6905	4270	2965	3680	3770	4577	4135	4718	7118	3435	4151	4166	3458	3830	3797	3775	4447	3205	4163	3225	3950	3407	3548	3848	4772	3488	3581	3720	4253	4246	4458	3906	3046	3200	3674	3691	3763	3879	3914	Vol_32=4045	531	974	1352	1397	3749	3571	3600	3676	4017	5714	4045	3797	3798	5274	4159	5522	5354	3630	4057	4132		4153	3676	4073		4160	4298	4051	5326	3733	5281
33	3590	3595	3590	3595	3600	3585	3590	3595	3440	3580	3580		3595	3595	3960	3460	3965	3465	3960	3455	5905	5905	3155	6155			3000	845	825		3055	3040	4220	3790	2975	2975	5725	3290	3130	3470	3230	7180	3685	7255	4490	3115	3870	4004	4792	4329	4914	7483	3613	4346	4362	3630	4010	3974	3964	4645	3379	4352	3386	4124	3576	3731	4040	5009	3669	3767	3912	4452	4446	4668	4097	3220	3384	3857	3881	3957	4073	4109	Vol_33=4235	556	1018	1413	1461	3925	3736	3769	3848	4206	5958	4235	3974	3975	5521	4355	5781	5604	3801	4247	4326		4348	3848	4264		4356	4497	4241	5575	3907	5528
34	3750	3755	3750	3755	3760	3745	3750	3755	3760	3740	3740		3755	3755	4140	3630	4145	3635	4135	3625	6175	6175	3325	6510			3135	865	850		3190	3175	4410	3975	3120	3125	5995	3450	3285	3655	3390	7535	3870	7605	4710	3265	4064	4158	5010	4525	5112	7856	3793	4543	4561	3805	4190	4153	4155	4846	3555	4544	3549	4301	3747	3916	4234	5249	3853	3953	4107	4654	4648	4881	4291	3397	3571	4044	4074	4154	4271	4307	Vol_34=4428	581	1062	1474	1526	4103	3902	3941	4022	4398	6245	4428	4154	4155	5770	4553	6043	5857	3974	4440	4522		4546	4022	4459		4554	4700	4434	5826	4084	5778
35	3915	3920	3910	3915	3920	3905	3915	3915	3925	3900	3905		3920	3920	4320	3800	4325	3805	4315	3805	6445	6450	3505	6865			3270	915	890		3325	3310	4600	4165	3270	3275	6265	3615	3445	3845	3550	7895	4055	7960	5000	3420	4261	4408	5231	4725	5313	8231	3977	4743	4763	3983	4370	4335	4349	5049	3735	4730	3715	4480	3921	4105	4431	5493	4040	5145	4305	4858	4854	5097	4480	3578	3761	4232	4270	4354	4471	4509	Vol_35=4623	606	1107	1536	1592	4284	4071	4115	4198	4592	6516	4623	4336	4337	6024	4755	6309	6114	4149	4636	4722		4746	4198	4656		4755	4904	4629	6081	4263	6032
36	4080	4085	1075	4080	4085	4070	4080	4080	4090	4065	4070		4085	4085	4500	3975	4505	3985	4500	3975	6725	6730	3685	7230			3405	950	913		3465	3450	4800	4360	3420	3425	6535	3785	3600	4035	3715	8260	4245	8320	5170	3580	4461	4717	5455	4957	5516	8614	4163	4946	4967	4163	4560	4519	4546	5255	3917	4935	3883	4661	4097	4296	4632	5741	4229	4340	4506	5065	5062	5315	4664	3760	3954	4423	4469	4557	4674	4713	Vol_36=4821	631	1153	1599	1659	4467	4242	4291	4377	4789	6772	4821	4520	4521	6280	4959	6578	6375	4326	4835	4924		4949	4377	4856		4960	5112	4828	6339	4445	6289
37	4245	4255	4240	4245	4250	4240	4245	4250	4255	4230	4235		4250	4250	4685	4155	4690	4165	4685	4155	7005	7010	3865	7600			3545	935	965		3600	3590	4995	4550	3570	3575	6815	3955	3765	4230	3870	8630	4435	8685	5400	3740	4663	4914	5602	5132	5721	9002	4352	5152	5174	4346	4740	4705	4746	5463	4102	5134	4055	4846	4296	4490	4835	5992	4421	4534	4710	5275	5273	5537	4848	3946	4150	4618	4670	4763	4880	4919	Vol_37=5021	657	1198	1662	1727	4652	4415	4469	4557	4988	7067	5021	4707	4708	6540	5165	6851	6639	4506	5036	5129		5155	4557	5058		5166	5322	5028	6601	4628	6550
38	4415	4425	4405	4415	4420	4410	4415	4420	4425	4400	4405		4420	4420	4875	4335	4880	4345	4870	4335	7282	4295	4050	7970			3685	1025	995		3740	3735	5195	4750	3725	3740	7095	4125	3925	4425	4050	9005	4630	9055	5635	3900	4869	5110	5913	5339	5929	9395	4543	5360	5384	4531	4930	4893	4949	5673	4290	5335	4229	5032	4457	4687	5040	6246	4616	4734	4916	5488	5486	5761	5032	4135	4349	4815	4874	4972	5088	5129	Vol_38=5224	683	1244	1725	1795	4839	4590	4650	4741	5190	7348	5224	4896	4897	6803	5375	7127	6906	4689	5239	5336		5363	4741	5263		5376	5534	5232	6866	4814	6813
39	4585	4595	4575	4585	4590	4580	4585	4590	4595	4570	4575		4590	4590	5065	4515	5070	4525	5060	4515	7575	7580	4235	8350			3825	1065	1020		3880	3875	5395	4950	3880	3885	7375	4295	4090	4625	4220	9385	4830	9430	5875	4065	5077	5292	6146	5549	6138	9793	4737	5571	5596	4718	5130	5084	5154	5886	4480	5538	4406	5221	4640	4886	5248	6503	4813	4936	5126	5703	5703	5988	5217	4326	4550	5014	5082	5183	5300	5341	Vol_39=5430	709	1291	1789	1864	5029	4767	4833	4926	5394	7617	5430	5087	5088	7070	5586	7407	7176	4873	5445	5546		5573	4926	5471		5588	5749	5437	7134	5002	7080
40	4760	4765	4745	4755	4760	4750	4760	4765	4770	4745	4750		4765	4765	5255	4700	5260	4705	5250	4765	7865	7870	4425	8720			3970	1090	1065		4025	4020	5605	5150	4040	4045	7665	4475	4255	4830	4390	9770	5030	9810	6120	4230	5288	5540	6382	5761	6350	10196	4933	5784	5811	4908	5320	5277	5361	6101	4674	5744	4586	5413	4825	5088	5459	6763	5013	5139	5338	5921	5821	6217	5405	4520	4754	5215	5291	5397	5514	5556	Vol_40=5638	735	1338	1854	1934	5220	4946	5018	5113	5601	7918	5638	5280	5282	7339	5801	7690	7450	5059	5654	5759		5787	5113	5681		5802	5967	5646	7405	5192	7350
41	4935	4940	4920	4930	4935	4925	4935	4940	4945	4920	4925		4940	4940	5450	4890	5455	4895	5445	4885	8155	8165	4615	9115			4115	1145	1115		4170	4165	5805	5355	4200	4205	7955	4650	4425	5030	4565	10160	5230	10195	6365	4395	5501	5678	6620	5976	6564	10604	5132	5999	6029	5100	5520	5472	5571	6318	4869	5952	4767	5607	5013	5292	5672	7027	5215	5346	5553	6141	6143	6450	5595	4716	4961	5419	5504	5614	5730	5774	Vol_41=5848	762	1385	1919	2004	5414	5126	5206	5303	5810	8208	5848	5476	5477	7611	6018	7976	7726	5248	5865	5974		6002	5303	5894		6019	6187	5856	7679	5384	7623
42	5110	5115	5095	5105	5110	5105	5110	5115	5120	5095	5100		5115	5115	5645	5080	5650	5085	5640	5075	8450	8460	4810	9510			4260	1170	1170		4315	4315	6020	5560	4350	4365	8245	4830	4595	5240	4745	10550	5435	10580	6610	4565	5718	5754	6862	6193	6779	11017	5334	6217	6248	5294	5720	5669	5784	6538	5067	6162	4952	5803	5202	5499	5888	7293	5420	5556	5770	6363	6367	6685	5788	4915	5170	5625	5719	5834	5950	5994	Vol_42=6061	788	1432	1984	2075	5610	5309	5395	5494	6022	8492	6061	5673	5675	7887	6237	8266	8006	5439	6078	6191		6220	5494	6109		6238	6409	6069	7956	5579	7899
43	5290	5295	5270	5280	5285	5285	5290	5295	5300	5270	5280		5295	5295	5840	5270	5850	5275	5835	5265	8750	8755	5005	9905			4405	1225	1195		4460	4460	6230	5770	4525	4530	8540	5015	4770	5445	4920	10950	5640	10975	6860	4735	5936	6295	7106	6413	6997	11435	5537	6438	6471	5491	5920	5868	5999	6759	5268	6374	5138	6001	5394	5708	6106	7563	5627	5766	5990	6588	6593	6922	5986	5109	5374	5834	5936	6056	6172	6217	Vol_43=6276	815	1480	2050	2146	5808	5493	5586	5686	6236	8797	6276	5873	5874	8165	6459	8558	8288	5631	6294	6410		6441	5686	6326		6460	6633	6284	8235	5775	8178
44	5470	5475	5450	5460	5465	5460	5470	5475	5480	5450	5460		5475	5475	6040	5465	6050	5475	6035	5465	9050	9060	5205	10305			4555	1255	1230		4605	4610	6440	5980	4690	4695	8840	5195	4945	5655	5100	11355	5850	11370	7115	4910	6158	6480	7352	6635	7217	11857	5743	6660	6695	5689	6120	6069	6216	6982	5471	6588	5327	6202	5588	5919	6327	7835	5837	5981	6213	6815	6822	7162	6190	5298	5574	6044	6156	6281	6396	6442	Vol_44=6493	842	1528	2116	2218	6007	5679	5780	5883	6452	9096	6493	6075	6076	8446	6683	8854	8573	5826	6511	6632		6663	5883	6546		6684	6860	6502	8518	5973	8459
45	5650	5655	5630	5640	5615	5640	5650	5660	5665	5630	5640		5660	5660	6245	5660	6250	5665	6240	5655	9355	9365	5405	10705			4705	1295	1280		4755	4760	6655	6190	4855	4860	9140	5380	5125	5870	5285	11760	6060	11770	7370	5185	6382	6705	7601	6859	7439	12285	5952	6885	6922	5890	6330	6272	6436	7208	5676	6804	5519	6404	5783	6133	6550	8110	6049	6199	6438	7045	7053	7404	6404	5487	5772	6258	6378	6508	6623	6670	Vol_45=6712	870	1577	2183	2291	6209	5867	5975	6080	6670	9381	6712	6278	6280	8730	6910	9152	8862	6023	6731	6856		6888	6080	6768		6911	7089	6722	8803	6174	8744
46	5835	5840	5810	5820	5825	5825	5830	5840	5845	5815	5820		5840	5840	6450	5855	6455	5865	6445	5855	9665	9675	5605	11115			4855	1340	1315		4905	4910	6875	6405	5025	5040	9445	5570	5300	6085	5470	12170	6275	12170	7630	5260	6608	6931	4853	7086	7662	12716	6162	7112	7152	6093	6540	6477	6658	7435	5883	7022	5712	6609	5981	6349	6775	8389	6263	6415	6665	7277	7287	7649	6626	5676	5970	6474	6603	6738	6852	6900	Vol_46=6934	897	1625	2250	2364	6412	6056	6172	6279	6891	9702	6934	6484	6485	9016	7138	9454	9153	6221	6954	7083		7116	6279	6992		7140	7320	6943	9092	6376	9031
47	6020	6025	5995	6005	6010	6010	6015	6025	6030	6000	6005		6025	6025	6655	6055	6660	6065	6650	6055	9975	9985	5805	11525			5005	1385	1350		5055	5065	7095	6625	5195	5200	9755	5760	5480	6300	5655	12585	6490	12580	7895	5435	6837	7207	8107	7315	7888	13152	6375	7342	7383	6297	6750	6684	6883	7665	6093	7242	5908	6816	6180	6567	7003	8669	6480	6636	6895	7511	7523	7897	6851	5866	6170	6692	6830	6970	7084	7132	Vol_47=7158	925	1674	2317	2438	6618	6247	6371	6480	7113	10009	7158	6691	6693	9306	7370	9758	9447	6421	7178	7311		7345	6480	7218		7371	7553	7167	9383	6580	9322
48	6205	6210	6180	6190	6200	6195	6200	6210	6215	6185	6190		6210	6210	6860	6260	6865	6265	6855	6255	10285	10295	6015	11945			5160	1430	1400		5210	5215	7315	6845	5365	5370	10065	5950	5665	6525	5840	13005	6710	12990	8160	5615	7068	7478	8363	7546	8115	13593	6590	7573	7617	6504	6960	6892	7109	7896	6305	7464	6106	7025	6382	6788	7233	8953	6699	6861	7128	7747	7761	8146	7078	6057	6372	6911	7059	7205	7318	7367	Vol_48=7383	952	1723	2384	2512	6825	6440	6572	6683	7338	10307	7383	6900	6902	9598	7603	10066	9743	6624	7405	7542		7576	6683	7447		7604	7788	7394	9676	6786	9614
49	6395	6400	6365	6375	6385	6380	6385	6395	6405	6375	6380		6395	6400	7070	6465	7075	6475	7065	6465	10605	10615	6220	12365			5315	1460	1440		5365	5370	7540	7065	5535	5545	10375	6140	5847	6745	6030	13430	6930	13405	8425	5800	7302	7750	8622	7779	8344	14037	6808	7807	7853	6713	7170	7103	7332	8129	6520	7687	6305	7237	6585	7011	7464	9239	6919	7085	7362	7985	8001	8398	7307	6252	6576	7134	7291	7442	7554	7604	Vol_49=7611	980	1772	2452	2587	7034	6634	6775	6888	7565	10631	7611	7111	7113	9893	7838	10376	10042	6828	7633	7775		7810	6888	7678		7840	8026	7622	9972	6993	9910
50	6585	6590	6555	6565	6575	6565	6575	6585	6590	6560	6570		6585	6590	7280	6670	7285	6675	7275	6665	10920	10930	6430	12785			5470	1510	1475		5520	5525	7770	7285	5610	5720	10695	6335	6032	6965	6220	13855	7150	13825	8695	5980	7537	7992	8883	8014	8575	14486	7027	8043	8091	6924	7380	7315	7569	8364	6736	7913	6507	7450	6790	7235	7699	9528	7143	7913	7599	8226	8243	5653	7538	6449	6784	7357	7524	7681	7793	7843	Vol_50=7841	1008	1822	2520	2662	7244	6830	6979	7094	7794	10946	7841	7324	7326	10190	8076	10689	10344	7034	7864	8010		8046	7094	7911		8078	8265	7852	10271	7203	10208
51	6775	6785	6745	6755	6765	6755	6765	6775	6780	6750	6700		6775	6780	7495	6875	7500	6885	7485	6875	11245	11255	6640	13215			5630	1550	1530		5675	5685	7995	7510	5885	5895	11010	6530	6220	7190	6405	14290	7375	14245	8965	6165	7776	8240	9147	8251	8807	14940	7248	8280	8331	7136	7600	7529	7802	8601	6955	8140	6712	7665	6997	7462	7935	9820	7368	7543	7838	8468	8488	8909	7771	6651	6996	7584	7760	7922	8034	8085	Vol_51=8073	1036	1871	2589	2738	7456	7028	7185	7302	8025	11256	8073	7539	7540	10490	8316	11004	10649	7241	8097	8247		8284	7302	8146		8317	8507	8085	10572	7414	10508
52	6965	6975	6940	6945	6955	6945	6955	6965	6970	6940	6950		6965	6970	7710	7085	7715	7095	7700	7085	11565	11575	6855	13645			5785	1600	1565		5830	5845	8225	7740	6065	6070	11335	6730	6405	7420	6610	14725	7600	14675	9240	6350	8016	8486	9413	8490	9041	15397	7472	8520	8574	7351	7820	7745	8037	8840	7176	8369	6918	7882	7205	7691	8173	10114	7595	7769	8079	8746	8735	9168	8008	6859	7214	7812	7998	8166	8277	8329	Vol_52=8307	1065	1921	2657	2814	7670	7227	7393	7512	8258	11583	8307	7755	7757	10792	8557	11323	10956	7451	8331	8486		8524	7512	8383		8559	8750	8319	10876	7627	10812
53	7160	7170	7130	7140	7150	7135	7145	7155	7165	7135	7145		7155	7165	7925	7295	7930	7305	7915	7295	11890	11905	7065	14080			5945	1630	1600		5990	6005	8455	7970	6240	6250	11655	6930	6595	7645	6805	15160	7830	15100	9515	6535	8258	8705	9681	8732	9277	15858	7697	8762	8818	7567	8040	7963	8275	9080	7396	8600	7126	8101	7415	7922	8413	10410	7824	8007	8322	8960	8984	9429	8245	7076	7442	8042	8239	8412	8522	8574	Vol_53=8543	1093	1971	2726	2891	7886	7427	7603	7723	8492	11906	8543	7973	7975	11097	8801	11644	11265	7662	8568	8727		8765	7723	8622		8803	8995	8555	11182	7841	11117
54	7355	7365	7325	7335	7315	7330	7340	7350	7360	7330	7340		7350	7360	8140	7510	8150	7515	8130	7505	12220	12235	7285	14515			6105	1680	1630		6150	6165	8685	8200	6420	6440	11985	7130	6790	7880	7000	15605	8060	15535	9795	6725	8503	9031	9951	8975	9514	16323	7924	9006	9064	7785	8260	8182	8514	9322	7623	8832	7336	8322	7627	8155	8656	10709	8055	8245	8568	9208	9235	9692	8484	7301	7979	8273	8481	8660	8769	8822	Vol_54=8781	1121	2021	2795	2968	8103	7629	7814	7936	8729	12225	8781	8193	8195	11404	9047	11967	11577	7874	8806	8970		9009	7936	8863		9049	9242	8793	11491	8057	11425
55	7555	7560	7520	7530	7540	7525	7535	7545	7555	7525	7535		7545	7560	8355	7725	8370	7735	8350	7715	12550	12565	7500	14955			6265	1730	1670		6310	6325	8925	8430	6605	6610	12310	7335	6980	8110	7200	16050	8290	15970	10080	6915	8750	9310	10223	9220	9753	16792	8154	9251	9313	8005	8490	8403	8755	9566	7850	9066	7548	8544	7841	8390	8900	11010	8289	8480	8816	9459	9488	9957	8725	7529	7918	8508	8725	8910	9019	9072	Vol_55=9021	1150	2071	2864	3045	8321	7832	8027	8150	8968	12558	9021	8414	8416	11714	9295	12293	11891	8088	9047	9215		9255	8150	9106		9297	9491	9033	11802	8275	11736
56	7750	7760	7715	7730	7740	7720	7730	7740	7750	7720	7735		7740	7755	8575	7940	8590	7945	8570	7935	12885	12895	7720	15405			6430	1760	1725		6470	6490	9160	8665	6785	6795	12640	7535	7175	8345	7400	16500	8525	16410	10360	7105	8999	9606	10498	9437	9993	17265	8385	9499	9563	8227	8710	8625	8998	9812	8078	9302	7763	8769	8056	8627	9146	11314	5224	8721	9065	9711	9743	10225	8966	7758	8158	8744	8971	9162	9270	9324	Vol_56=9262	1178	2122	2933	3123	8541	8036	8241	8367	9208	12887	9262	8637	8639	12026	9545	12622	12208	8304	9289	9462		9502	8367	9351		9547	9742	9275	12115	8494	12048
57	7950	7960	7915	7930	7940	7920	7930	7940	7950	7920	7935		7940	7955	8795	8155	8810	8165	8790	8145	13220	13235	7945	15850			6595	1810	1760		6630	6655	9395	8900	6970	6980	12975	7740	7370	8575	7600	16955	8760	16855	10650	7295	9250	9850	10774	9716	10235	17742	8618	9748	9815	8450	8940	8849	9243	10059	8309	9539	7978	8995	8272	8865	9395	11620	8761	8963	9317	9965	10000	10494	9210	7990	8401	8981	9220	9416	9524	9578	Vol_57=9506	1207	2172	3002	3201	8763	8242	8457	8584	9450	13216	9506	8862	8863	12340	9797	12953	12527	8522	9533	9711		9752	8584	9597		9799	9994	9519	12431	8715	12363
58	8150	8165	8115	8130	8140	8120	8130	8140	8150	8120	8135		8140	8155	9020	8370	9035	8385	9015	8365	13555	13570	8165	16300			6760	1860	1795		6795	6820	9640	9140	7155	7165	13310	7950	7570	8820	7805	17410	9000	17300	10935	7490	9503	10095	11053	9966	10479	18222	8853	10000	10070	8675	9170	9075	9490	10307	8542	9778	8196	9223	8490	9106	9645	11928	9000	9204	9571	10221	10258	10765	9457	8223	8646	9221	9470	9672	9780	9834	Vol_58=9751	1235	2223	3072	3280	8986	8449	8675	8803	9695	13553	9751	9088	9089	12656	10050	13287	12848	8741	9779	9961		10003	8803	9846		10052	10249	9764	12748	8937	12681
59	8350	8365	8315	8330	8340	8320	8330	8340	8350	8325	8335		8340	8355	9245	8590	9260	8605	9240	8535	13895	13910	8385	16755			6925	1895	1835		6955	6985	9880	9380	7320	7350	13645	8155	7765	9060	8010	17870	9340	17750	11225	7685	9758	10328	11334	10219	10724	18706	9090	10253	10326	8901	9400	9302	9739	10558	8776	10019	8416	9453	8710	9348	9897	12239	9241	9451	9826	10478	10518	11039	9705	8459	8893	9461	9722	9931	10037	10092	Vol_59=9998	1264	2273	3141	3359	9211	8658	8894	9023	9940	13889	9998	9315	9317	12975	10306	13623	13172	8961	10026	10213		10256	9023	10097		10308	10505	10012	13068	9161	13000
60	8555	8570	8520	8530	8540	8520	8530	8540	8555	8525	8540		8540	8560	9470	8810	9485	8825	9465	8805	14240	14255	8615	17215			7090	1945	1870		7120	7150	10120	9620	7525	7535	13985	8365	7965	9300	8215	18330	9480	18205	11520	7880	10015	10560	11616	10473	10970	19193	9328	10507	10583	9130	9630	9530	9990	10809	9012	10 260	8637	9684	8931	9592	10150	12551	9483	9699	10084	10738	10782	11314	9954	8696	9142	9704	9976	10191	10297	10352	Vol_60=10246	1293	2324	3211	3438	9436	8868	9114	9246	10188	14225	10246	9544	9546	13296	10563	13961	13498	9183	10276	10467		10511	9246	10349		10565	10762	10261	13390	9387	13322
61	8760	8775	8720	8735	8745	8720	8735	8745	8755	8730	8745		8745	8765	9700	9035	9715	9055	9695	9035	14585	14600	8840	17675			7255	1980	1930		7285	7315	10365	9865	7715	7725	14330	8575	8165	9545	8425	18800	9725	18660	11815	8080	10273	11000	11901	10729	11218	19684	9568	10764	10843	9359	9860	9760	10242	11063	9250	10 504	8859	9917	9154	9838	10406	12866	9728	9945	10344	11001	11046	11591	10205	8935	9392	9949	10232	10453	10558	10613	Vol_61=10497	1321	2374	3280	3517	9664	9079	9336	9469	10437	14568	10497	9775	9776	13619	10822	14302	13826	9406	10527	10723		10767	9469	10603		10824	11022	10511	13715	9613	13646
62	8970	8980	8925	8940	8950	8925	8940	8950	8960	8935	8950		8950	8970	9930	9260	9945	9275	9925	9255	14930	14945	9070	18140			7420	2035	1990		7450	7435	10615	10105	7905	7915	14675	8790	8370	9785	8630	19270	9970	19115	12110	8275	10534	11183	12187	10986	11467	20179	9810	11022	11105	9591	10090	9992	10496	11317	9490	10 749	9084	10152	9378	10086	10663	13183	9974	10197	10605	11264	11313	11871	10458	9175	9645	10195	10489	10717	10821	10877	Vol_62=10749	1350	2425	3350	3597	9892	9291	9559	9694	10688	14911	10749	10006	10008	13944	11083	14645	14156	9631	10779	10981		11025	9694	10859		11085	11283	10764	14041	9841	13972
63	9175	9185	9130	9145	9155	9130	9145	9155	9170	9140	9155		9155	9180	10165	9485	10175	9505	10155	9485	15280	15295	9300	18605			7590	2035	2050		7620	7655	10860	10355	8095	8105	15020	9005	8575	10035	8840	19740	10215	19580	12410	8475	10797	11452	12476	11245	11717	20677	10054	11282	11368	9824	10330	10225	10752	11573	9731	10 995	9310	10388	9603	10335	10922	13502	10222	10450	10868	11528	11581	12152	10713	9420	9899	10442	10749	10983	11086	11142	Vol_63=11003	1379	2476	3420	3677	10122	9505	9784	9920	10941	15253	11003	10240	10241	14271	11346	14990	14488	9857	11034	11240		11285	9920	11116		11348	11545	11018	14369	10071	14300
64	9385	9395	9340	9350	9365	9340	9350	9365	9375	9350	9365		9365	9390	10395	9715	10410	9735	10390	9715	15630	15645	9530	19075			7760	2120	2085		7785	7825	11110	10600	8285	8295	15370	9220	8780	10280	9055	20215	10465	20045	12710	8675	11061	11735	12766	11506	11969	21178	10299	11544	11633	10058	10570	10459	11010	11831	9974	11243	9538	10626	9830	10586	11183	13824	10471	10702	11133	11796	11851	12435	10965	9662	10155	10692	11010	11250	11353	11406	Vol_64=11258	1407	2526	3489	3757	10353	9719	10010	10148	11195	15602	11258	10474	10476	14601	11610	15338	14822	10085	11290	11501		11547	10148	11375		11613	11810	11273	14700	10302	14630
65	9595	9605	9550	9560	9575	9545	9560	9575	9585	9560	9575		9575	9600	10530	9945	10645	9965	10620	9945	15980	15995	9765	19545			7930	2175	2125		7955	8000	11360	10850	8480	8490	15720	9435	8985	10530	9265	20695	10710	20510	13010	8880	11326	12023	13058	11769	12222	21683	10546	11807	11900	10294	10810	10695	11269	12090	10219	11 492	9768	10866	10058	10839	11445	14147	10722	10959	11400	12064	12122	12719	11223	9908	10412	10943	11273	11520	11622	11678	Vol_65=11515	1436	2577	3559	3838	10586	9935	10238	10376	11451	15951	11515	10710	10712	14932	11877	15687	15159	10314	11547	11763		11810	10376	11636		11879	12075	11531	15032	10534	14963
66	9805	9815	9760	9770	9785	9755	9770	9785	9795	9770	9785		9785	9810	10865	10180	10880	10195	10855	10175	16335	16355	9995	20025			8100	2210	2165		8120	8170	11610	11100	8675	8685	16075	9650	9190	10780	9480	21175	10965	20980	13315	9080	11596	12296	13353	12033	12476	22191	10795	12072	12168	10531	11050	10932	11530	12350	10466	11 742	10 000	11107	10288	11093	11709	14472	10975	11217	11669	12334	12385	13006	11482	10155	10672	11196	11538	11791	11893	11949	Vol_66=11773	1465	2627	3628	3918	10819	10152	10466	10606	11708	16300	11773	10947	10949	15265	12144	16039	15497	10544	11807	12027		12075	10606	11899		12147	12343	11789	15367	10767	15297
67	10015	10030	9970	9980	9995	9965	9980	9995	10005	9980	9995		9995	10020	11100	10410	11115	10425	11090	10405	16695	16710	10235	20500			8270	2265	2205		8290	8345	11865	11350	8865	8880	16430	9870	9400	11030	9690	21660	11215	21455	13620	9285	11865	12560	13648	12299	12732	22702	11045	12338	12438	10770	11290	11170	11793	12612	10714	11 994	10 233	11349	10519	11349	11975	14799	11230	11473	11939	12605	12670	13294	11743	10404	10933	11450	11804	12064	12165	12221	Vol_67=12033	1493	2678	3698	3999	11054	10370	10696	10837	11967	16654	12033	11186	11188	15600	12414	16393	15837	10775	12067	12293		12341	10837	12163		12416	12611	12050	15703	11002	15633
68	10230	10215	10180	10195	10210	10175	10190	10205	10220	10190	10205		10205	10235	11340	10545	11350	10665	11330	10635	17050	17070	10470	20985			8455	2360	2265		8460	8515	12125	11605	9065	9075	16785	10090	9610	11275	9910	22150	11470	21930	13930	9490	12137	12906	13946	12566	12989	23216	11297	12606	12710	11010	11530	11410	12057	12875	10964	12 247	10 467	11593	10751	11606	12242	15128	11486	11735	12211	12878	12847	13584	12005	10655	11196	11706	12072	12339	12439	12495	Vol_68=12295	1522	2728	3767	4081	11290	10589	10928	11070	12228	17009	12295	11426	11428	15937	12685	16749	16180	11008	12330	12560		12609	11070	12429		12687	12882	12312	16041	11238	15971
69	10445	10455	10395	10410	10425	10390	10405	10415	10430	10405	10420		10415	10450	11580	10880	11590	10895	11570	10875	17410	17430	10705	21465			8620	2380	2325		8630	8690	12380	11860	9260	9270	17145	10310	9820	11540	10125	22640	11725	22410	14240	9695	12410	13238	14245	12835	13247	23733	11550	12875	12983	11252	11780	11651	12323	13140	11215	12 501	10 703	11839	10984	11865	12511	15459	11743	11998	12485	13153	13225	13876	12268	10907	11460	11963	12341	12615	12714	12771	Vol_69=12558	1550	2779	3836	4162	11527	10809	11160	11304	12489	17363	12558	11667	11669	16276	12958	17107	16524	11242	12593	12829		12879	11304	12696		12960	13154	12575	16381	11475	16311
70	10660	10670	10605	10625	10640	10600	10615	10630	10645	10620	10635		10630	10665	11820	11115	11830	11135	11810	11105	17775	17795	10945	21955			8790	2395	2355		8800	8865	12640	12115	9455	9470	17505	10530	10030	11795	10344	23130	11985	22895	14555	9900	12685	13473	14546	13105	13506	24254	11805	13146	13258	11495	12020	11893	12590	13405	11468	12 757	10 941	12086	11218	12126	12781	15792	12002	12259	12760	13429	13505	14169	12533	11162	11726	12221	12613	12894	12992	13048	Vol_70=12822	1579	2829	3905	4243	11766	11030	11394	11539	12753	17723	12822	11909	11911	16617	13232	17467	16870	11477	12859	13099		13150	11539	12965		13234	13427	12840	16723	11714	16653
71	10875	10890	10820	10840	10855	10815	10830	10845	10860	10835	10850		10845	10880	12060	11355	12075	11365	12050	11345	18135	18155	11185	22440			8965	2450	2405		8975	9040	12900	12375	9655	9670	17870	10755	10245	12054	10560	23625	12245	23375	14865	10110	12962	13720	14849	13377	13767	24777	12061	13419	13534	11739	12270	12136	12859	13672	11722	13014	11 180	12334	11454	12388	13053	16127	12263	12526	13037	13707	13787	14464	12800	11417	11993	12482	12885	13173	13271	13327	Vol_71=13088	1607	2879	3974	4325	12005	11253	11629	11775	13018	18083	13088	12153	12154	16960	13508	17830	17218	11714	13125	13371		13422	11775	13236		13510	13701	13106	17067	11953	16997
72	11090	11110	11035	11055	11070	11030	11045	11060	11080	11050	11065		11060	11095	12300	11595	12320	11605	12290	11585	18505	18525	11430	22935			9140	2485	2465		9145	9220	13160	12630	9855	9865	18235	10980	10455	12310	10780	24125	12505	23865	15180	10315	13240	14002	15154	13650	14029	25303	12319	13693	13812	11985	12520	12381	13129	13940	11978	13 272	11420	12584	11691	12651	13326	16464	12525	12793	13316	13986	14070	14761	13067	11674	12262	12744	13160	13455	13551	13608	Vol_72=13356	1635	2929	4043	4407	12245	11476	11865	12012	13284	18443	13356	12397	12399	17304	13785	18194	17568	11951	13393	13644		13696	12012	13508		13788	13977	13374	17412	12194	17342
73	11310	11325	11255	11275	11290	11245	11260	11280	11295	11270	11285		11280	11310	12545	11835	12565	11845	12535	11825	18870	18890	11670	23425			9315	2545	2545		9320	9395	13420	12895	10055	10065	18600	11205	10670	12575	11005	24625	12765	24355	15500	10525	13520	14290	15460	13924	14291	25833	12578	13968	14092	12231	12770	12627	13401	14210	12235	13531	11661	12835	11929	12916	13601	16802	12789	13059	13596	14266	14354	15059	13337	11932	12533	13008	13435	13738	13834	13890	Vol_73=13624	1664	2979	4111	4488	12487	11700	12102	12250	13552	18808	13624	12643	12645	17651	14064	18560	17919	12190	13663	13918		13971	12250	13781		14067	14255	13643	17759	12436	17689
74	11530	11545	11475	11490	11505	11465	11480	11495	11515	11485	11505		11495	11530	12790	12075	12810	12095	12780	12065	19240	19260	11915	23925			9490	2580	2590		9495	9575	13690	13155	10255	10270	18965	11430	10885	12835	11225	25130	13030	24845	15815	10735	13802	14560	15767	14200	14555	26365	12839	14245	14373	12479	13020	12874	13674	14481	12494	13 792	11904	13087	12168	13183	13877	17142	13054	13368	13878	14548	14640	15359	13805	12195	12805	13272	13713	14022	14117	14174	Vol_74=13894	1692	3028	4180	4570	12729	11925	12340	12490	13821	19173	13894	12890	12892	17998	14344	18928	18273	12430	13934	14194		14248	12490	14056		14347	14533	13913	18108	12679	18038
75	11750	11765	11695	11710	11725	11680	11700	11715	11735	11705	11725		11715	11750	13040	12315	13055	12335	13030	12305	19610	19635	12160	24425			9665	2635	2635		9665	9750	13950	13415	10455	10470	19335	11660	11105	13100	11450	25635	13295	25340	16140	10950	14085	14763	16077	14478	14821	26900	13101	14523	14655	12729	13270	13122	13949	14752	12754	14 054	12 149	13341	12408	13450	14155	17484	13320	13602	14161	14832	14928	15660	13877	12457	13079	13537	13991	14308	14406	14459	Vol_75=14166	1720	3078	4248	4652	12973	12151	12580	12730	14091	19538	14166	13138	13140	18348	14626	19298	18628	12671	14206	14472		14526	12730	14332		14629	14813	14185	18459	12923	18389
76	11970	11985	11910	11930	11945	11900	11920	11935	11955	11925	11945		11935	11970	13285	12560	13305	12585	13275	12555	19985	20005	12405	24925			9845	2680	2680		9840	9930	14220	13680	10660	10675	19710	11885	11320	13360	11670	26145	13560	25840	16460	11160	14369	15023	16387	14757	15087	27437	13364	14802	14939	12979	13520	13371	14225	15025	13016	14317	12 395	13609	12650	13719	14434	17827	13588	13860	14446	15117	15217	15963	14150	12719	13354	13805	14272	14596	14689	14745	Vol_76=14439	1748	3127	4316	4735	13217	12378	12820	12972	14363	19908	14439	13387	13389	18699	14909	19669	18984	12913	14479	14751		14805	12972	14610		14912	15095	14458	18811	13168	18741
77	12190	12205	12130	12150	12170	12120	12140	12155	12175	12145	12165		12155	12195	13535	12805	13555	12825	13525	12795	20360	20380	12655	25425			10020	2725	2730		10015	10110	14430	13945	10860	10875	20085	12115	11540	13630	11900	26655	13825	26340	16785	11370	14655	15355	16700	15037	15354	27978	13629	15083	15225	13231	13770	13621	14503	15299	13279	14581	12 642	13877	12892	13990	14714	18173	13858	14146	14732	15403	15508	16267	14424	12984	13631	14074	14553	14885	14978	15033	Vol_77=14713	1775	3176	4383	4817	13462	12606	13062	13214	14636	20278	14713	13637	13639	19052	15194	20043	19343	13156	14754	15031		15086	13214	14889		15197	15377	14733	19165	13414	19095
78	12410	12430	12355	12370	12390	12340	12360	12380	12395	12370	12385		12380	12415	13785	13055	13800	13075	13770	13045	20735	20755	12905	25935			10200	2775	2775		10190	10290	14755	14210	11065	11080	20460	12345	11760	13895	12125	27170	14095	26840	17110	11585	14943	15715	17014	15318	15622	28521	13895	15365	15511	13484	14030	13873	14781	15575	13543	14 846	12 891	14147	13135	14262	14996	18519	14128	14423	15020	15690	15799	16573	14698	13249, 1	13909	14343	14836	15176	15267	15323	Vol_78=14988	1803	3225	4450	4899	13709	12835	13304	13458	14910	20648	14988	13888	13890	19407	15480	20418	19703	13400	15031	15312		15368	13458	15170		15483	15661	15009	19520	13661	19451
79	12635	12655	12575	12595	12615	12565	12580	12600	12620	12590	12605		12600	12640	14035	13300	14050	13325	14020	13295	21110	21135	13155	26445			10380	2820	2825		10365	10470	15025	14480	11270	11285	20835	12575	11980	14160	12350	27685	14365	27345	17435	11800	15232	16026	17329	15601	15892	29067	14163	15648	15799	13738	14280	14125	15062	15851	13809	15112	13 141	14418	13380	14535	15279	18868	14400	14697	15309	15979	16093	16881	14963	13516	14188	14615	15121	15468	15559	15614	Vol_79=15265	1830	3273	4517	4981	13956	13065	13548	13702	15186	21023	15265	14140	14142	19763	15767	20795	20064	13645	15308	15595		15652	13702	15451		15771	15946	15286	19877	13909	19808
80	12860	12880	12800	12820	12835	12785	12805	12825	12840	12810	12830		12825	12865	14285	13550	14300	13575	14270	13545	21490	21515	13405	26955			10555	2870	2870		10540	10655	15300	14750	11475	11490	21215	12810	12200	14430	12580	28205	14635	27850	17765	12015	15522	16300	17646	15884	16162	29615	14431	15933	16089	13993	14540	14378	15343	16129	14076	15 379	13 392	14691	13625	14809	15564	19218	14673	14976	15600	16269	16387	17189	15224	13784	14467	14887	15406	15761	15851	15906	Vol_80=15543	1858	3322	4584	5063	14204	13295	13793	13948	15463	21398	15543	14394	14395	20121	16056	21174	20427	13891	15587	15879		15936	13948	15735		16059	16232	15564	20236	14158	20167
81	13085	13105	13025	13045	13060	13010	13030	13050	13065	13035	13055		13050	13090	14535	13800	14555	13815	14525	13785	21870	21895	13655	27465			10735	2915	2915		10720	10835	15570	15020	11680	11695	21595	13040	12420	14700	12805	28725	14910	28360	18095	12230	15814	16570	17964	16170	16434	30166	14701	16219	16379	14249	14800	14633	15626	16407	14345	15 648	13 645	14964	13872	15085	15849	19569	14948	15255	15892	16560	16683	17500	15484	14054	14749	15160	15693	16056	16145	16200	Vol_81=15822	1885	3370	4650	5146	14453	13527	14038	14194	15741	21772	15822	14648	14649	20480	16346	21554	20792	14138	15867	16164		16222	14194	16019		16350	16520	15843	20596	14408	20528
82	13310	13330	13250	13270	13285	13235	13255	13275	13290	13260	13280		13275	13315	14790	14050	14810	14065	14780	14035	22255	22275	13910	27980			10915	2965	2965		10895	11020	15845	15290	11885	11905	21975	13275	12645	14970	13035	29250	15185	28870	18425	12445	16108	16846	18284	16456	16706	30720	14972	16506	16672	14507	15060	14888	15910	16687	14614	15917	13 898	15239	14119	15362	16136	19922	15223	15513	16186	16853	16981	17811	15744	14322	15032	15435	15982	16353	16441	16495	Vol_82=16102	1912	3418	4716	5228	14703	13759	14285	14441	16020	22151	16102	14903	14904	20841	16638	21936	21159	14386	16148	16450		16509	14441	16305		16641	16808	16124	20957	14659	20889
83	13540	13560	13475	13495	13515	13460	13480	13500	13515	13485	13510		13500	13540	15045	14300	15065	14315	15030	14285	22635	22660	14165	28495			11095	3025	3015		11070	11200	16120	15560	12095	12110	22355	13510	12865	15245	13265	29775	15460	29385	18755	12665	16402	17250	18605	16743	16980	31276	15245	16794	16965	14765	15320	15145	16195	16967	14885	16 187	14 153	15515	14367	15640	16424	20277	15500	15815	16480	17147	17280	18124	16004	14594	15317	15710	16271	16650	19738	16792	Vol_83=16384	1938	3465	4781	5310	14953	13992	14532	14690	16301	22530	16384	15159	15160	21203	16930	22320	21526	14635	16430	16738		16797	14690	16592		16934	17098	16406	21320	14911	21253
84	13765	13785	13700	13720	13740	13685	13705	13725	13745	13715	13735		13725	13770	15300	14550	15320	14575	15285	14545	23020	23045	14415	29015			11275	3060	3060		11250	11385	16390	15835	12300	12320	22745	13745	13090	15515	13495	30300	15735	29890	19090	12880	16698	17528	18928	17032	17254	31834	15518	17084	17260	15024	15580	15402	16482	17249	15157	16 459	14 409	15792	14616	15919	16714	20633	15779	16100	16776	17442	17580	18438	16264, 7	14866	15603	15987	16562	16949	17036	17089	Vol_84=16666	1965	3512	4846	5392	15204	14225	14780	14939	16582	22909	16666	15415	15417	21567	17224	22706	21896	14885	16713	17027		17087	14939	16880		17228	17389	16689	21685	15163	21618
85	13990	14015	13925	13950	13970	13910	13935	13950	13975	13940	13965		13950	13995	15555	14805	15575	14825	15540	14795	23405	23435	14670	29535			11455	3110	3110		11425	11570	16670	16110	12510	12530	23130	13980	13315	15790	13730	30830	16010	30420	19425	13100	16996	17800	19252	17322	17529	32395	15793	17275	17555	15285	15840	15661	16769	17531	15430	16 731	14 666	16070	14866	16199	17004	20990	16058	16381	17074	17738	17881	18754	16528	15141	15890	16266	16854	17250	17335	17388	Vol_85=16950	1991	3559	4911	5474	15456	14460	15029	15188	16865	23293	16950	15673	15675	21932	17520	23093	22266	15135	16998	17317		17378	15188	17170		17523	17681	16973	22051	15417	21984
86	14220	14245	14155	14175	14200	14140	14160	14180	14205	14170	14190		14180	14225	15810	15060	15830	15085	15800	15045	23795	23820	14930	30060			11635	3155	3155		11600	11755	16950	16385	12720	12735	23515	14215	13540	16075	13960	31360	16290	30940	19765	13315	17294	18070	19577	17613	17805	32959	16069	17666	17853	15546	16100	15920	17058	17815	15705	17 005	14 924	16349	15117	16481	17296	21349	16339	16666	17372	18036	18183	19071	16793	15414	16175	16545	17148	17551	17363	17689	Vol_86=17235	2017	3606	4975	5556	15709	14695	15279	15439	17149	23676	17235	15932	15933	22298	17816	23481	22639	15387	17284	17608		17669	15439	17460		17820	17974	17258	22418	15671	22352
87	14450	14475	14385	14405	14430	14365	14390	14410	14430	14400	14420		14410	14455	16070	15315	16090	15335	16055	15305	24185	24210	15185	30585			11820	3205	3205		11780	11935	17225	16660	12920	12945	23905	14455	13770	16345	14195	31895	16370	31460	20100	13535	17594	18436	19903	17905	18083	33524	16346	17959	18151	15809	16370	16180	17348	18100	15980	17279	15 183	16630	15369	16764	17589	21709	16620	16954	17672	18334	18487	19389	17063	15680	16453	16825	17442	17854	17938	17990	Vol_87=17521	2043	3652	5038	5638	15963	14931	15530	15691	17434	24058	17521	16191	16192	22666	18114	23871	23012	15639	17570	17900		17962	15691	17752		18117	18268	17545	22787	15927	22721
88	14680	14705	14615	14635	14660	14595	14620	14640	14660	14630	14650		14640	14685	16330	15570	16350	15595	16315	15555	24575	24600	15445	31115			12000	3255	3255		11955	12120	17505	16940	13140	13155	24295	14690	13995	16620	14430	32430	16850	31985	20440	13755	17896	18729	20231	18198	18361	34092	16624	18253	18450	16072	16630	16441	17369	18385	16257	17 554	15 444	16911	15621	17048	17883	22071	16903	17239	17974	18634	18792	19709	17338	15942	16726	17107	17738	18158	18241	18293	Vol_88=17808	2069	3697	5101	5720	16217	15167	15782	15943	17720	24446	17808	16451	16453	23035	18413	24263	23387	15892	17858	18193		18256	15943	18045		18416	18563	17832	23156	16183	23091
89	14910	14935	14845	14865	14890	14825	14850	14870	14890	14860	14880		14870	15150	16590	15825	16610	15845	16575	15815	24695	24995	15705	31640			12180	3305	3300		12135	12305	17785	17215	13350	13365	24685	14930	14220	16900	14660	32970	17130	32515	20780	13975	18198	18950	20560	18493	18640	34662	16903	18548	18751	16337	16900	16703	17932	18672	16535	17831	15 706	17193	15875	17333	18178	22434	17187	17528	18276	18934	19098	20029	17624	16202	16999	17390	18035	18464	18546	18597	Vol_89=18096	2094	3743	5164	5802	16472	15404	16034	16196	18007	24834	18096	16712	16713	23406	18713	24656	23763	16146	18147	18488		18551	16196	18339		18716	18859	18121	23528	16439	23463
90	15145	15170	15075	15095	15120	15055	15080	15100	15120	15090	15110		15100	15380	16850	16085	16870	16105	16835	16075	25360	25385	15965	32170			12365	3350	3350		12310	12495	18065	17495	13560	13580	25080	15170	14450	17180	14900	33510	17415	33040	21125	14195	18502	19375	20890	18788	18919	35235	17184	18845	19053	16602	17170	16965	18225	18959	16814	18 108	15 969	17477	16129	17619	18474	22798	17472	17819	18580	19236	19405	20351	17913	16462	17270	17673	18333	18771	18852	18902	Vol_90=18385	2119	3788	5226	5884	16727	15642	16287	16450	18295	25220	18385	16974	16975	23778	19014	25051	24141	16401	18437	18783		18847	16450	18635		19018	19156	18410	23900	16697	23836
91	15380	15400	15305	15330	15355	15285	15310	15335	15355	15320	15345		15335	15615	17110	16345	17135	16365	17100	16325	25755	25780	16225	32705			12545	3400	3395		12490	12680	18350	17775	13770	13790	25475	15410	14680	17460	15135	34050	17700	33570	21465	14415	18807	19605	21222	19084	19200	35809	17465	19142	19356	16868	17430	17229	18519	19247	17094	18386	16 232	17761	16384	17906	18771	23164	17758	18107	18885	19538	19714	20675	18203	16722	17542	17958	18632	19078	19159	19209	Vol_91=18676	2144	3832	5287	5965	16983	15881	16541	16705	18584	25612	18676	17236	17238	24151	19316	25447	24520	16656	18728	19080		19144	16705	18931		19320	19454	18701	24274	16955	24210
92	15610	15635	15540	15560	15585	15520	15540	15565	15590	15550	15575		15565	15845	17375	16605	17400	16625	17360	16595	26150	26175	16485	33235			12725	3450	3445		12670	12865	18635	18060	13980	14005	25870	15650	14910	17740	15370	34595	17985	34105	21810	14640	19113	19889	21555	19382	19481	36386	17747	19440	19660	17135	17700	17493	18815	19536	17375	18 665	16517	18046	16639	18194	19070	23530	18045	18399	19191	19843	20024	20999	18494	16983	17815	18243	18933	19387	19467	19516	Vol_92=18967	2169	3876	5348	6046	17240	16120	16796	16969	18874	26003	18967	17500	17501	24525	19620	25844	24900	16913	19020	19377		19443	16969	19229		19623	19753	18992	24649	17214	24586
93	15815	15870	15770	15795	15820	15750	15775	15800	15825	15785	15810		15800	15915	17640	16865	17660	16885	17625	16855	26545	26575	16750	33775			12910	3500	3490		12845	13055	18915	18340	14195	14215	26270	15890	15140	18025	15605	35140	18270	34640	22155	14860	19420	20470	21889	19680	19764	36964	18031	19739	19965	17403	17970	17758	19111	19826	17657	18 944	16 803	18333	16896	18483	19369	23898	18334	18694	19498	20148	20334	21324	18786	17247	18090	18530	19234	19698	19776	19825	Vol_93=19259	2193	3919	5408	6127	17497	16359	17052	17216	19165	26392	19259	17764	17765	24901	19924	26243	25281	17170	19313	19676		19742	17216	19527		19928	20053	19285	25025	17474	24963
94	16080	16105	16005	16030	16055	15980	16005	16030	16055	16015	16040		16030	16080	17905	17125	17925	17155	17885	17115	26945	26975	17015	34310			13090	3545	3540		13025	13240	19205	18625	14405	14425	26665	16135	15370	18230	15845	35685	18555	35175	22505	15085	19729	20545	22224	19979	20047	37545	18315	20039	20272	17672	18240	18024	19408	20117	17940	19 225	17 090	18620	17153	18773	19669	24268	18623	18985	19806	20454	20646	21651	19079	17512	18367	18818	19536	20009	20086	20134	Vol_94=19552	2217	3962	5467	6208	17755	16600	17308	17472	19458	26788	19552	18028	18029	25277	20230	26643	25664	17427	19607	19975		20042	17472	19827		20234	20354	19578	25403	17734	25341
95	16315	16340	16240	16265	16290	16215	16240	16265	16290	16250	16275		16265	16315	18170	17390	18190	17415	18150	17375	27340	27375	17275	34850			13275	3595	3595		13205	13425	19490	18910	14620	14640	27065	16375	15600	18595	16080	36235	18845	35715	22855	15305	20038	20795	22560	20280	20331	38128	18601	20340	20579	17941	18510	18291	19708	20409	18224	19 507	17 378	18908	17410	19064	19970	24638	18913	19281	20115	20761	20859	21979	19373	17781	18649	19106	19840	20321	20398	20445	Vol_95=19846	2241	4005	5525	6289	18013	16840	17564	17730	19751	27182	19846	18293	18295	25655	20536	27045	26048	17685	19902	20276		20343	17730	20128		20540	20656	19873	25781	17995	25720
96	16550	16575	16475	16500	16525	16450	16475	16500	16525	16485	16510		16500	16550	18435	17655	18455	17675	18415	17645	27740	27775	17540	35385			13455	3645	3640		13385	12615	19775	19190	14835	14855	27465	16620	15830	18875	16320	36785	19130	36255	23200	15530	20349	21102	22897	20581	20615	38713	18887	20643	20887	18212	18780	18558	20007	20702	18510	19 789	17 666	19197	17669	19356	20273	25010	19204	19577	20426	21068	21273	22308	19668	18057	18936	19396	20144	20635	20711	20757	Vol_96=20141	2264	4047	5583	6370	18272	17082	17822	17988	20045	27575	20141	18559	18561	26034	20844	27448	26433	17944	20197	20577		20645	17988	20430		20848	20959	20168	26161	18257	26100
97	16785	16810	16710	16735	16760	16685	16710	16735	16760	16720	16745		16735	16785	18700	17920	18725	17945	18680	17905	28145	28175	17805	35935			13640	3695	3690		13560	13800	20065	19480	15260	15070	27870	16860	16065	19160	16560	37335	19420	36795	23550	15750	20661	21425	23236	20883	20901	39300	19174	20946	21197	18483	19050	18826	20308	20995	18796	20 072	17 956	19487	17928	19649	20576	25383	19496	19870	20737	21378	21588	22638	19964	18341	19234	19686	20450	20949	21024	21070	Vol_97=20437	2287	4088	5640	6450	18531	17324	18080	18246	20339	27974	20437	18826	18827	26415	21153	27852	26819	18204	20494	20879		20948	18246	20732		21157	21262	20464	26542	18519	26482
98	17020	17045	16945	16970	17000	16920	16945	16970	16955	16955	16980		16970	17020	18965	18185	18990	18205	18945	18165	28545	28575	18075	36475			13825	3745	3740		13740	13990	20355	19765	15475	15285	28275	17105	16295	19445	16800	37890	19715	37340	23905	15975	20974	21605	23575	21186	21187	39889	19462	21249	21507	18755	19330	19095	20609	21289	19083	20 356	18 274	19778	18187	19943	20880	25757	19789	20169	21050	21688	21904	22969	20261	18630	19535	19977	20756	21265	21339	21384	Vol_98=20734	2309	4129	5697	6530	18791	17566	18338	18505	20635	28372	20734	19093	19094	26796	21462	28258	27206	18464	20792	21183		21252	18505	21036		21466	21567	20762	26923	18782	26864
99	17255	17285	17180	17205	17235	17155	17180	17205	17230	17190	17220		17205	17260	19230	18450	19260	18465	19215	18425	28950	28980	18340	37025			14005	3795	3790		13920	14180	20625	20050	15685	15495	28680	17350	16530	19735	17040	38445	20005	37885	24255	16200	21288	22025	23916	21490	21474	40479	19751	21554	21818	19027	19600	19364	20911	21584	19371	20 641	18 538	20070	18448	20238	21185	26132	20083	20469	21364	21998	22221	23301	20558	18920	19838	20269	21064	21582	21655	21699	Vol_99=21031	2332	4169	5752	6610	19051	17809	18598	18765	20932	28769	21031	19361	19362	27178	21773	28664	27594	18725	21090	21487		21556	18765	21341		21777	21872	21060	27306	19046	27248
100	17495	17520	17615	17445	17470	17390	17415	17445	17470	17425	17455		17445	17495	19500	18715	19525	18745	19485	18695	29355	29385	18605	37575			14190	3845	3835		14095	14365	20935	20340	15905	15710	29085	17595	16765	20025	17280	39005	20295	38430	24610	16425	21603	22371	24258	21795	21762	41072	20041	21860	22131	19301	19870	19635	21214	21880	19660	20 926	18 830	20362	18709	20534	21491	26508	20378	20765	21678	22310	22539	23634	20856	19210	20141	20562	21372	21899	21972	22015	Vol_100=21330	2353	4208	5807	6689	19312	18052	18858	19025	21229	29171	21330	19629	19630	27562	22084	29072	27984	18986	21389	21792		21862	19025	21646		22089	22178	21358	27690	19310	27633
101	17730	17760	17650	17680	17710	17625	17655	17680	17705	17660	17690		17680	17735	19770	18980	19795	19005	19750	18965	29760	29795	18875	38120			14370	3895	3895		14275	14555	21230	20630	16045	15925	29400	17840	16995	20310	17520	39565	20590	38980	24965	16650	21919	22727	24600	22100	22050	41666	20332	22166	22444	19575	20150	19905	21519	22176	19949	21212	19 124	20656	18970	20830	21798	26885	20674	21067	21994	22622	22858	23968	21155	19501	20445	20856	21618	22218	22289	22332	Vol_101=21629	2375	4247	5860	6768	19573	18296	19118	19286	21527	29571	21629	19898	19899	27946	22397	29482	28374	19248	21689	22098		22168	19286	21953		22401	22485	21658	28075	19574	28019
102	17970	18000	17890	17920	17945	17860	17890	17920	17945	17900	17930		17920	17970	20040	19245	20065	19275	20020	19235	30165	30200	19145	38670			14555	3945	3955		14455	14745	21515	20920	16120	16145	29900	18085	17280	20600	17760	40125	20885	39530	25320	16875	22236	22932	24944	22407	22339	42262	20624	22474	22758	19850	20420	20177	21824	22473	20240	21499	19418	20950	19232	21128	22106	27263	20970	21368	22311	22936	23178	24303	21455	19793	20750	21152	21992	22538	22608	22650	Vol_102=21929	2396	4285	5913	6847	19835	18541	19379	19547	21827	29980	21929	20167	20168	28332	22710	29892	28766	19511	21990	22404		22476	19547	22260		22715	22793	21959	28461	19839	28405
103	18210	18240	18130	18155	18185	18100	18130	18160	18185	18140	18165		18160	18210	20310	19515	20335	19545	20290	19505	30570	30605	19415	39225			14735	3995	3985		14630	14935	21810	21210	16330	16355	30305	18330	17465	20895	18005	40685	21180	40080	25675	17100	22554	23210	25289	22714	22629	42860	20916	22782	23073	20125	20700	20449	22129	22771	20532	21 787	19712	21245	19494	21426	22414	27642	21268	21668	22628	23250	23498	24639	21755	20086	21056	21447	22303	22859	22928	22969	Vol_103=22230	2416	4322	5965	6925	20097	18785	19640	19809	22126	30376	22230	20437	20438	28718	23025	30303	29158	19773	22292	22712		22784	19809	22569		23029	23101	22260	28848	20105	28793
104	18450	18480	18365	18395	18425	18340	18365	18395	18425	18375	18405		18395	18450	20580	19785	20605	19815	20560	19765	30980	31015	19685	39775			14920	4045	4035		14805	15120	22105	21500	16550	16575	30715	18580	17700	21185	18245	41250	21475	40635	26030	17325	22873	23560	25634	23022	22919	43460	21210	23091	23389	20401	20980	20721	22436	23070	20824	22 075	20 008	21540	19757	21725	22723	28022	21566	21972	22947	23565	23820	24976	22056	20379	21363	21743	22615	23180	23249	23289	Vol_104=22531	2436	4359	6015	7004	20359	19031	19902	20071	22427	30779	22531	20708	20709	29106	23340	30716	29552	20037	22595	23020		23092	20071	22878		23345	23410	22562	29236	20371	29182
105	18690	18720	18605	18635	18665	18575	18605	18635	18655	18615	18645		18635	18690	20850	20055	20880	20085	20830	20035	31390	31425	19955	40330		16455	15105	4095	4085		14985	15310	22400	21790	16765	16790	31130	18825	17935	21475	18490	41815	21770	41190	26390	17550	23192	23864	25981	23331	23210	44061	21504	23400	23706	20678	21250	20994	22743	23369	21117	22 364	20 305	21837	20021	22025	23033	28403	21865	22276	23266	23881	24143	25314	22358	20674	21671	22041	22927	23503	23570	23609	Vol_105=22834	2456	4395	6065	7081	20621	19276	20165	20334	22728	31182	22834	20979	20980	29494	23656	31130	29946	20301	22898	23329		23402	20334	23188		23661	23720	22865	29625	20638	29572
106	18930	18960	18845	18875	18905	18815	18845	18875	18905	18855	18885		18875	18930	21120	20325	21150	20355	21100	20305	31800	31835	20225	40885		16660	15285	4145	4135		15160	15500	22695	22085	16980	17005	31540	19075	18170	21770	18730	42380	22070	41745	26750	17775	23513	24170	26329	23641	23502	44664	21799	23711	24024	20955	21530	21268	23052	23669	21411	22 654	20 602	22134	20285	22325	23344	28786	22165	22757	23587	24197	24466	25653	22661	20969	21979	22338	23241	23826	23893	23931	Vol_106=23137	2475	4430	6114	7159	20884	19522	20427	20597	23031	31589	23137	21250	21251	29884	23973	31545	30341	20565	23202	23639		23712	20597	23499		23978	24031	23168	30015	20905	29963
107	19170	19200	19085	19115	19145	19055	19085	19115	19145	19090	19125		19115	19170	21390	20595	21420	20625	21370	20575	32210	32250	20495	41445		16805	15470	4195	4185		15340	15690	22990	22380	17195	17220	31955	19320	18410	22060	18975	42945	22365	42305	27110	18000	23835	24488	26677	23951	23794	45269	22094	24022	24343	21233	21810	21542	23361	23970	21706	22 944	20 900	22432	20549	22627	23656	29169	22466	22883	23908	24514	24790	25992	22965	21265	22288	22636	23555	24151	24216	24254	Vol_107=23441	2494	4464	6161	7236	21147	19768	20691	20861	23334	31996	23441	21522	21523	30274	24291	31961	30738	20830	23506	23949		24023	20861	23811		24296	24342	23473	30406	21172	30354
108	19410	19440	19325	19355	19390	19290	19325	19355	19385	19330	19365		19355	19415	21665	20865	21695	20895	21645	20845	32625	32660	20770	42000		17085	15650	4215	4235		15515	15880	23285	22670	17410	17435	32365	19570	18645	22355	19220	43515	22665	42865	27470	18225	24157	24697	27026	24262	24087	45875	22391	24334	24662	21512	22090	21817	23670	24271	22001	23 235	21 198	22730	20814	22929	23968	29552	22767	23191	24230	24833	25116	26333	23269	21562	22598	22935	23871	24476	24541	24577	Vol_108=23745	2512	4497	6207	7313	21410	20015	20954	21128	23637	32401	23745	21794	21795	30665	24610	32378	31135	21095	23812	24260		24335	21128	24123		24615	24654	23778	30797	21440	30747
109	19650	19680	19565	19600	19630	19530	19565	19595	19625	19570	19605		19595	19655	21940	21135	21970	21165	21920	21115	33035	33075	21040	42560		17290	15835	4300	4290		15695	16070	23585	22965	17625	17655	32785	19815	18880	22650	19460	44085	22965	43425	27835	18455	24481	25031	27377	24573	24380	46483	22688	24646	24982	21791	22370	22092	23981	24573	22298	23 527	21498	23030	21079	23232	24281	29937	23069	23495	24553	25151	25442	26674	23574	21859	22909	23235	24187	24802	24866	24901	Vol_109=24051	2529	4529	6252	7389	21674	20262	21219	21389	23941	32811	24051	22067	22067	31057	24929	32796	31533	21361	24118	24572		24648	21389	24437		24934	24966	24083	31189	21708	31140
110	19895	19925	19805	19840	19870	19770	19805	19835	19870	19810	19845		19835	19895	22215	21405	22245	21435	22190	21385	33450	33490	21325	43120		17495	16015	4350	4340		15870	16260	23885	23260	17840	17870	33200	20065	19120	22945	19710	44655	23265	43985	28195	18680	24805	25357	27728	24886	24675	47092	22986	24959	25303	22071	22650	22368	24292	24875	22594	23 819	21 798	23329	21345	23535	24595	30323	23372	23803	24877	25471	25768	27017	23879	22157	23220	23536	24503	25129	25192	25226	Vol_110=24357	2546	4560	6295	7464	21938	20509	21483	21654	24246	33220	24357	22339	22340	31450	25250	33215	31932	21627	24425	24885		24961	21654	24751		25254	25280	24389	31583	21977	31534
111	20135	20165	20050	20080	20115	20010	20045	20075	20110	20055	20090		20075	20135	22490	21680	22520	21715	22465	21665	33865	33905	21590	43685		17705		4400	4390		16045	16450	24180	23555	18060	18085	33615	20315	19355	23240	19950	45230	23565	44550	28560	18905	25130	25560	28080	25199	24969	47703	23284	25273	25625	22351	22930	22644	24604	25179	22892	24 112	22 099	23630	21611	23839	24910	30709	23675	24112	25201	25791	26096	27360	24186	22456, 1	23533	23837	24821	25457	25519	25552	Vol_111=24663	2563	4591	6337	7540	22202	20757	21748	21919	24552	33627	24663	22613	22614	31843	25571	33635	32332	21893	24732	25198		25275	21919	25066		25576	25594	24696	31977	22246	31929
112	20375	20410	20290	20325	20355	20255	20285	20320	20350	20295	20330		20320	20375	22675	21955	22795	21985	22740	21935	34275	34320	21865	44245		17905		4450	4440		16220	16640	24480	23855	18275	18305	34035	20560	19595	23540	20195	45805	23865	45115	28925	19130	25456	26036	28432	25512	25264	48315	23584	25588	25948	22632	23210	22921	24916	25482	23191	24 406	22 400	23931	21877	24144	25225	31097	23980	24417	25527	26112	26424	27704	24492	22756	23846	24139	25139	25786	25847	25878	Vol_112=24970	2578	4620	6378	7614	22466	21005	22013	22184	24858	34040	24970	22887	22887	32238	25892	34056	32732	22160	25040	25512		25589	22184	25381		25897	25908	25004	32371	22515	32325
113	20615	20650	20530	20565	20595	20495	20525	20560	20595	20535	20570		20560	20620	23040	22230	23070	22365	23015	22205	34695	34735	22135	44810		18115		4505	4490		16395	16825	24780	24150	18490	18520	34450	20810	19830	23835	20440	46380	24170	45685	29290	19350	25783	26366	28786	25827	25560	48929	23883	25903	26271	22913	23490	23198	25230	25787	23490	24 700	22 702	24233	22144	24450	25541	31485	24285	24727	25853	26434	26753	28048	24800	23056	24159	24442	25458	26115	26175	26206	Vol_113=25278	2594	4648	6417	7689	22730	21253	22279	22450	25165	34451	25278	23161	23161	32633	26215	34478	33133	22427	25349	25827		25904	22450	25698		26220	26223	25312	32767	22785	32722
114	20860	20895	20770	20805	20840	20735	20770	20805	20840	20775	20810		20800	20860	23315	22505	23345	22535	23290	22185	35110	35155	22415	45375		18315		4555	4545		16570	17015	25075	24450	18705	18735	34870	21060	20070	24130	20685	46955	24470	46250	29655	19585	26111	26560	29140	26142	25856	49544	24184	26219	26595	23195	23770	23475	25543	26091	23789	24 994	23 005	24535	22411	24756	25857	31874	24590	25039	26180	26756	27083	28394	25108	23358	24474	24745	25778	26445	26504	26534	Vol_114=25587	2608	4675	6455	7763	22995	21502	22544	22716	25472	34860	25587	23435	23435	33029	26538	34901	33535	22694	25658	26142		26220	22716	26015		26543	26539	25621	33163	23055	33119
115	21105	21135	21015	21045	21085	20975	21010	21045	21080	21015	21055		21045	21105	23590	22690	23625	22815	23565	22755	35530	35570	22690	45940		18525		4605	4595		16745	17205	25380	24745	18920	18955	35290	21310	20305	24430	20930	47530	24775	46820	30020	19810	26439	26800	29495	26457	26153	50161	24485	26535	26920	23477	24050	23753	25858	26397	24090	25 289	23 308	24838	22679	25063	26174	32263	24896	25347	26508	27078	27414	28740	25416	23659	24789	25048	26098	26776	26834	26863	Vol_115=25896	2622	4700	6490	7836	23259	21750	22811	22983	25780	35275	25896	23709	23710	33426	26862	35324	33938	22962	25968	26457		26536	22983	26332		26867	26855	25930	33560	23325	33517
116	21345	21380	21255	21290	21325	21215	21250	21285	21325	21255	21295		21285	21345	23865	23055	23900	23085	23840	23035	35945	35990	22965	46510		18725		4655	4645		16920	17395	25680	25045	19135	19170	35715	21560	20545	24730	21175	48110	25080	47390	30390	20035	26768	27257	29852	26773	26450	50779	24787	26852	27245	23759	24340	24032	26173	26703	24391	25 585	23 612	25141	22946	25370	26492	32653	25203	25659	26836	27402	27745	29087	25725	23961	25104	25352	26419	27108	27165	27192	Vol_116=26205	2635	4725	6524	7908	23524	21999	23077	23249	26089	35688	26205	23984	23985	33823	27187	35749	34342	23230	26278	26774		26853	23249	26651		27192	27172	26240	33958	23595	33916
117	21590	21625	21495	21535	21570	21460	21495	21530	21565	21500	21540		21530	21590	24140	23330	24175	23365	24120	23305	36365	36410	23245	47075		18930		4710	4695		17095	17585	25980	25345	19355	19385	36135	21810	20785	25030	21420	48690	25385	47965	30755	20260	27098	27560	30208	27090	26748	51398	25089	27170	27571	24043	24620	24310	26489	27009	24692	25 881	23 916	25445	23214	25678	26810	33045	25510	25972	27166	27726	28077	29435	26035	24264	25421	25657	26741	27440	27496	27523	Vol_117=26515	2647	4747	6556	7981	23789	22249	23344	23516	26398	36100	26515	24259	24260	34221	27512	36175	34746	23498	26589	27091		27171	23516	26970		27517	27489	26551	34356	23866	34315
118	21835	21870	21740	21780	21815	21700	21735	21775	21810	21740	21780		21775	21835	24415	23605	24455	23645	24395	23585	36785	36830	23515	47645		19135		4760	4745		17270	17775	26285	25645	19580	19600	36555	22060	21020	25330	21665	49270	25690	48535	31125	20490	27429	27770	30565	27407	27046	52018	25392	27488	27898	24326	24900	24589	26805	27316	24994	26 178	24 222	25750	23483	25987	27129	33436	25818	26281	27495	28051	28410	29783	26345	24567	25738	25963	27063	27773	27829	27854	Vol_118=26826	2658	4769	6586	8052	24054	22498	23611	23783	26708	36517	26826	24535	24535	34620	27838	36601	35151	23767	26901	27408		27489	23783	27290		27843	27807	26862	34755	24137	34715
119	22075	22110	21985	22020	22060	21945	21980	22020	22055	21985	22025		22015	22075	24695	23880	24730	23915	24670	23855	37205	37250	23795	48215		19335		4815	4800		17440	17960	26590	25945	19785	19820	36980	22310	21260	25630	21910	49850	25995	49110	31495	20715	27760	27960	30923	27725	27345	52640	25695	27806	28225	24610	25190	24869	27122	27624	25297	26 475	24 527	26055	23751	26296	27448	33829	26127	26596	27826	28376	28743	30132	26656	24872	26055	26269	27386	28107	28191	28185	Vol_119=27137	2668	4788	6613	8123	24319	22747	23878	24050	27018	36932	27137	24810	24811	35019	28165	37028	35557	24035	27213	27726		27807	24050	27610		28170	28125	27174	35155	24408	35116
120	22320	22355	22230	22265	22300	22185	22220	22260	22300	22225	22265		22260	22320	24975	24155	25010	24195	24950	24135	37625	37670	24075	48785		19540		4865	4850		17615	18150	26890	26245	20000	20035	37450	22560	21500	25930	22155	50435	26300	49685	31865	20940	28092	28243	31282	28043	27644	53263	25999	28125	28553	24894	25470	25148	27439	27931	25600	26 773	24 833	26360	24020	26606	27768	34222	26436	26910	28157	28702	29077	30482	26967	25177	26373	26575	27709	28442	28495	28517	Vol_120=27449	2677	4806	6638	8193	24583	22997	24145	24318	27329	37346	27449	25086	25087	35419	28492	37456	35963	24304	27525	28044		28126	24318	27931		28497	28444	27486	35555	24680	35517
121	22565	22600	22470	22510	22545	22480	22465	22500	22545	22470	22510		22505	22565	25255	24430	25290	24475	25225	24415	38045	38095	24350	49360		19745		4935	4900		17785	18340	27195	26545	20215	20250	37830	22810	21735	26230	22400	51015	26605	50265	32235	21165	28424	28560	31641	28362	27943	53887	26304	28445	28882	25179	25760	25428	27757	28240	25904	27 071	25 140	26666	24289	26916	28089	34615	26745	27221	28489	29028	29411	30832	27279	25482	26692	26883	28033	28777	28829	28850	Vol_121=27761	2685	4821	6660	8263	24848	23247	24412	24587	27640	37764	27761	25362	25362	35820	28820	37885	36369	24573	27838	28363		28446	24587	28253		28825	28763	27798	35956	24951	35920
122	22810	22845	22715	22755	22790	22670	22710	22745	22785	22710	22755		22745	22810	25535	24710	25570	24745	25505	21675	38465	38545	24630	49930		19945		4990	4955		17955	18530	27500	26845	20430	20465	38255	23060	21970	26530	22650	51600	26915	50840	32605	21390	28758	29082	32001	28681	28243	54512	26609	28765	29211	25464	26040	25709	28075	28549	26209	27 370	25 447	26972	24538	27226	28410	35010	27055	27337	28822	29355	29746	31183	27591	25787	27011	27190	28358	29113	29164	29184	Vol_122=28073	2692	4834	6678	8332	25113	23497	24680	24853	27951	38181	28073	25638	25638	36221	29148	38314	36777	24842	28152	28683		28766	24853	28575		29154	29083	28111	36357	25223	36322
123	23055	23090	22955	22995	23035	22910	22950	22990	23030	22955	22995		22990	23055	25810	24990	25845	25025	25780	24965	38890	38935	24905	50505		20145		5010	5005		18125	18720	27800	27150	20650	20680	38680	23310	22215	26835	22895	52185	27220	51420	32975	21615	29092	29398	32361	29000	28544	55139	26914	29086	29541	25749	26330	25989	28394	28858	26513	27 669	25 755	27279	24827	27537	28731	35404	27366	27853	29155	29682	30082	31535	27904	26093	27331	27498	28683	29449	29499	29518	Vol_123=28386	2697	4845	6692	8400	25378	23747	24948	25121	28264	38596	28386	25914	25915	36623	29477	38744	37185	25112	28466	29003		29086	25121	28898		29483	29403	28425	36759	25495	36725
124	23295	23335	23200	23240	23280	23155	23195	23235	23275	23200	23240		23235	23295	26090	25270	26125	25305	26060	25245	39310	39360	25185	51080		20350		5095	5055		18295	18905	28110	27450	20860	20895	39105	23560	22455	27135	23140	52775	27530	52000	33350	21840	29426	29768	32723	29320	28844	55766	27220	29407	29871	26035	26610	26270	28714	29168	26819	27 969	26 063	27587	25097	27849	29053	35800	27677	28164	29489	30010	30418	31887	28216	26400	27651	27809	29008	29786	29835	29853	Vol_124=28700	2700	4850	6700	8468	25643	23997	25216	25389	28576	39016	28700	26191	26191	37025	29807	39175	37593	25381	28780	29323		29407	25389	29221		29813	29723	28738	37162	25767	37129
125	23540	23580	23445	23485	23525	23400	23440	23480	23520	23440	23485		23480	23540	26370	25550	26405	25585	26340	25525	39735	39785	25465	51655		20550		5150	5110		18465	19095	28415	27755	21075	21115	39535	23810	22690	27440	23385	53360	27835	52580	33720	22065	29761	30143	33084	29641	29146	56395	27526	29728	30202	26320	26900	26551	29033	29478	27125	28 268	26 371	27894	25366	28161	29375	36196	27989	28525	29823	30338	30755	32239	28530	26708	27972	28116	29334	30124	30712	30188	Vol_125=29014				8534	25907	24248	25484	25657	28889	39434	29014	26467	26468	37428	30137	39607	38002	25651	29095	29644		29728	25657	29545		30143	30044	29053	37565	26039	37533
126	23785	23825	23690	23730	23770	23640	23685	23725	23765	23685	23730		23725	23785	26650	25825	26685	25865	26620	25795	40160	40210	25745	52230		20750		5200	5160		18635	19280	28720	28055	21290	21325	39965	24060	22930	27740	23630	53945	28145	53160	34095	22290	30097	30485	33447	29962	29447	57025	27833	30050	30534	26607	27180	26833	29354	29788	27431	28 569	26 680	28202	25636	28474	29698	36592	28301	28800	30158	30667	31093	32593	28844	27015	28293	28425	29661	30462	30509	30524	Vol_126=29328				8601	26172	24498	25752	25926	29202	39852	29328	26744	26744	37831	30468	40039	38412	25920	29410	29965		30050	25926	29869		30473	30365	29367	37968	26311	37938
127	24030	24070	23935	23975	24015	23885	23925	23970	24010	23925	23970		23970	24030	26930	26105	26965	26145	26900	26075	40585	40635	26025	52810		20950		5255	5212		18800	19470	29025	28360	21505	21545	40390	24310	23170	28045	23875	54535	28455	53745	34470	22515	30433	30646	33810	30283	29749	57656	28141	30372	30866	26893	27470	27114	29674	30099	27738	28 870	26 990	28511	25906	28787	30021	36989	28613	29114	30494	30996	31431	32947	29158	27323	28615	28734	29988	30801	30847	30860	Vol_127=29643				8666	26436	24748	26020	26194	29516	40272	29643	27021	27021	38235	30799	40472	38822	26190	29725	30286		30372	26194	30194		30805	30687	29683	38372	26583	38343
128	24275	24315	24175	24220	24260	24130	24170	24215	24255	24170	24215		24215	24275	27210	26385	27245	26425	27180	26355	41005	41060	26305	53385		21150		5305	5265		18970	19655	29330	28665	21720	21755	40820	24565	23405	28350	24120	55125	28765	54330	34845	22740	30770	30840	34173	30605	30051	58287	28448	30694	31198	27180	27750	27396	29995	30410	28045	29 171	27 299	28819	26175	29100	30345	37387	28926	29432	30830	31325	31768	33301	29472	27631	28937	29045	30316	31140	31185	31197	Vol_128=29958				8730	26701	24999	26288	26463	29830	40692	29958	27297	27297	38639	31130	40906	39232	26460	30041	30608		30695	26463	30519		31136	31009	29998	38777	26856	38749
129	24520	24560	24420	24465	24505	24370	24415	24460	24500	24415	24460		24460	24520	27490	26665	27525	26705	27460	26635	41435	41485	26585	53965		21345		5360	5315		19135	19840	29640	28970	21935	21970	41250	24815	23645	28655	24370	55715	29075	54915	35220	22965	31107	31262	34537	30927	30353	58920	28756	31017	31531	27467	28040	27678	30317	30722	28352	29 472	27 610	29129	26445	29414	30669	37785	29239	29751	31166	31655	32108	33656	29787	27940, 1	29259	29355	30644	31480	31524	31535	Vol_129=30273				8794	26965	25249	26557	26731	30145	41111	30273	27574	27574	39044	31463	41340	39643	26730	30357	30931		31017	26731	30845		31469	31331	30314	39182	27128	39155
130	24765	24805	24665	24710	24750	24615	24660	24700	24745	24655	24705		24700	24765	27770	26945	27805	26985	27740	26915	41855	41910	26865	54545		21545		5415	5370		19300	20030	29945	29275	22145	22185	41680	25065	23885	28960	24615	56305	29385	55500	35595	23185	31445	31727	34901	31249	30656	59553	29065	31341	31865	27754	28330	27960	30639	31034	28600	29 774	27 920	29438	26715	29728	30993	38183	29553	30066	31503	31985	32447	34011	30102	28250	29582	29655	30972	31821	31863	31873	Vol_130=30589				8857	27229	25500	26825	27000	30459	41533	30589	27851	27851	39449	31795	41775	40055	27000	30674	31253		31340	27000	31171		31801	31654	30630	39587	27400	39561
131	25010	25050	24905	24955	24995	24855	24900	24945	24990	24900	24945		24945	25010	28050	27225	28085	27265	28020	27195	42285	42335	27145	55120		21745		5465	5425		19465	20215	30255	29580	22360	22395	42110	25315	24125	29265	24860	56895	29695	56085	35970	23410	31784	32094	35266	31571	30959	60188	29373	31664	32198	28041	28610	28243	30961	31346	28969	30 076	28 231	29748	26985	30042	31318	38582	29867	30385	31841	32316	32787	34367	30417	28561	29906	29976	31301	32161	32203	32211	Vol_131=30905				8918	27492	25751	27093	27268	30774	41954	30905	28128	28127	39854	32128	42210	40467	27269	30991	31576		31664	27268	31498		32134	31977	30946	39993	27673	39968
132	25255	25300	25150	25200	25240	25100	25145	25190	25235	25145	25190		25190	25250	28330	27505	28370	27545	28300	27475	42710	42765	27425	55700		21940		5520	5475		19630	20400	30560	29885	22575	22615	42545	25565	24360	29570	25105	57490	30010	56675	36345	23630	32125	32470	35632	31894	31262	60822	29683	31988	32533	28328	28900	28525	31283	31658	29277	30 378	28 542	30058	27256	30357	31643	38981	30181	30705	32179	32647	33127	34724	30733	28871	30230	30278	31630	32503	32543	32550	Vol_132=31221				8979	27756	26001	27362	27536	31090	42374	31221	28404	28404	40260	32462	42646	40879	27539	31308	31899		31988	27536	31825		32468	32300	31263	40399	27945	40376
133	25500	25515	25395	25445	25485	25345	25390	25435	25480	25385	25435		25435	25495	28610	27785	28650	27825	28580	27755	43135	43195	27705	56285		22135		5575	5530		19795	20585	30870	30190	22785	22825	42975	25810	24600	29875	25350	58080	30320	57265	36720	23855	32462	32807	35998	32218	31566	61460	29992	32312	32867	28616	29190	28808	31606	31971	29587	30 681	28 854	30368	27526	30672	31968	39371	30495	31021	32518	32978	33468	35080	31049	29182	30554	30599	31960	32845	32884	32889	Vol_133=31538				9039	28019	26252	27630	27805	31405	42797	31538	28681	28681	40666	32796	43082	41291	27809	31626	32223		32312	27805	32153		32802	32624	31580	40805	28217	40783
134	25745	25790	25640	25690	25730	25585	25635	25680	25725	25630	25680		25680	25740	28890	28065	28930	28105	28860	28035	43565	43620	27985	56865		22330		5630	5580		19960	20770	31180	30495	22995	23035	43400	26060	24835	30180	25590	58675	30630	57855	37095	24075	32802	33213	36364	32541	31870	62097	30302	32637	33203	28904	29470	29090	31929	32284	29896	30 984	29 166	30679	27796	30988	32294	39781	30810	31341	32857	33310	33809	35438	31365	29492	30878	30911	32290	33187	33225	33229	Vol_134=31855				9099	28282	26502	27898	28073	31721	43219	31855	28958	28957	41073	33130	43519	41704	28079	31943	32547		32636	28073	32481		33136	32947	31898	41212	28490	41191
135	25990	26035	25885	25930	25980	25830	25875	25925	25970	25870	25920		25925	25985	29170	28345	29215	28385	29140	28315	43990	44045	28265	57445		22525		5680	5635		20120	20955	31485	30800	23205	23250	43840	26310	25075	30485	25840	59265	30945	58445	37475	24300	33142	33367	36731	32865	32174	62734	30612	32961	33538	29192	29760	29373	32253	32598	30206	31 287	29 478	30990	28066	31303	32620	40181	31123	31622	33196	33642	34151	35795	31682	29801	31203	31223	32620	33530	33567	33569	Vol_135=32172				9157	28545	26752	28166	28341	32038	43641	32172	29234	29234	41480	33465	43957	42117	28348	32261	32871		32961	28341	32809		33471	33271	32215	41619	28762	41600
136	26230	26280	26125	26175	26225	26075	26120	26170	26215	26115	26165		26170	26230	29450	28625	29495	28665	29420	28595	44420	44475	28550	58025		22720		5740	5690		20280	21140	31795	31105	23420	23460	44275	26560	25315	30795	26085	59860	31255	59035	37850	24520	33483	33600	37098	33189	32478	63373	30922	33286	33874	29480	30050	29656	32576	32911	30516	31 591	29 790	31301	28336	31619	32946	40582	31441	31979	33536	33974	34493	36153	31999	30115	31528	31536	32950	33873	33909	33910	Vol_136=32489				9214	28807	27003	28434	28610	32354	44064	32489	29511	29510	41887	33800	44395	42531	28618	32580	33195		33286	28610	33138		33806	33596	32533	42026	29034	42008
137	26475	26525	26370	26420	26470	26315	26365	26410	26460	26360	26410		26410	26470	29730	28905	29775	28945	29700	28875	44845	44905	28830	58610		22915		5790	5740		20440	21325	32105	31415	23630	23675	44705	26810	25550	31100	26325	60455	31570	59625	38230	24740	33824	34021	37466	33513	32782	64012	31233	33612	34210	29768	30340	29939	32900	33225	30826	31 895	30 103	31612	28605	31936	33273	40983	31757	32300	33876	34307	34835	36512	32316	30428	31853	31849	33281	34216	34252	34251	Vol_137=32807				9270	29069	27253	28702	28878	32671	44487	32807	29787	29787	42294	34135	44833	42944	28887	32898	33520		33611	28878	33467		34142	33920	32851	42434	29306	42417
138	26720	26770	26615	26665	26715	26555	26610	26655	26705	26600	26650		26655	26715	30010	29185	30060	29235	29980	29155	45275	45335	29100	59190		23105		5845	5795		20600	21505	32410	31720	23840	23885	45140	27055	25785	31405	26570	61050	31880	60220	38605	24960	34165	34476	37834	33838	33087	64652	31544	33937	34547	30056	30620	30222	33224	33539	31136	32 199	30 416	31924	28875	32252	33599	41384	32073	32622	34217	34640	35177	36870	32633	30740	32179	32161	33613	34560	34595	34592	Vol_138=33125				9324	29331	27503	28970	29146	32988	44902	33125	30063	30063	42702	34471	45272	43358	29157	33217	33845		33936	29146	33796		34478	34245	33169	42842	29578	42826
139	26965	27015	26855	26905	26960	26800	26850	26900	26950	26845	26895		26900	26960	30295	29465	30340	29515	30260	29435	45705	45760	29395	59775		23300		5900	5850		20755	21690	32720	32025	24050	24095	45575	27305	26025	31715	26815	61645	32195	60810	38985	25180	34507	34731	38202	34162	33392	65293	31855	34262	34884	30345	30910	30505	33549	33853	31447	32 503	30 729	32235	29145	32569	33926	41786	32389	32940	34558	34973	35520	37228	32951	31052	32505	32747	33944	34905	34938	34934	Vol_139=33443				9378	29592	27753	29238	29413	33305	45333	33443	30339	30339	43110	34807	45711	43773	29426	33536	34169		34261	29413	34126		34814	34570	33488	43250	29849	43236
140	27205	27260	27100	27150	27205	27040	27095	27145	27195	27085	27140		27145	27205	30575	29745	30620	29795	30540	29715	46130	46190	29675	60360		23490		5955	5905		20915	21870	33035	32335	24260	24305	46010	27555	26260	32020	27060	62240	32510	61405	39365	25400	34850	35020	38570	34487	33692	65935	32166	34588	35221	30633	31200	30788	33874	34168	31758	32 807	31 042	32547	29415	32886	34253	42187	32706	33261	34899	35306	35864	37589	33268	31365	32831	32787	34276	35249	35281	35276	Vol_140=33761				9431	29853	28003	29505	29681	33622	45757	33761	30615	30615	43518	35144	46151	44187	29695	33855	34495		34587	29681	34456		35150	34895	33806	43658	30121	43646
141	27450	27500	27345	27395	27445	27285	27335	27385	27435	27330	27380		27385	27450	30855	30025	30900	30075	30820	29995	46560	46620	29955	60945		23980		6010	5955		21070	22055	33340	32640	24470	24515	46445	27800	26495	32330	27300	62840	32820	62000	39745	25615	35192	35239	38939	34812	34002	66577	32478	34914	35558	30921	31490	31071	34198	34482	32070	33 112	31 356	32859	29684	33203	34581	42589	33023	33584	35241	35638	36207	37949	33586	31677	33158	33101	34608	35594	35625	35618	Vol_141=34079				9482	30114	28253	29772	29949	33939	46180	34079	30891	30891	43926	35480	46591	44602	29964	34174	34820		34913	29949	34786		35487	35220	34125	44066	30392	44055
142	27695	27745	27590	27640	27690	27530	27580	27630	27680	27570	27625		27630	27690	31140	30310	31185	30355	31100	30275	46985	47050	30235	61525		23870		6065	6010		21225	22235	33650	32950	24675	24720	46880	28045	26735	32635	27545	63435	33135	62595	40120	25835	35535	35644	39309	35137	34307	67219	32789	35240	35898	31210	31770	31354	34523	34797	32381	33 417	31 670	33171	29953	33520	34908	42992	33339	33901	35583	35973	36551	38308	33904	31990	33484	33415	34940	35940	35969	35961	Vol_142=34398				9532	30374	28502	30039	30216	34257	46605	34398	31167	31166	44335	35817	47031	45017	30232	34493	35145		35239	30216	35117		35824	35545	34444	44475	30664	44465
143	27940	27990	27830	27880	27935	27770	27820	27875	27925	27815	27865		27875	27935	31420	30590	31465	30635	31385	30555	47415	47480	30520	62110		24060		6120	6065		21380	22415	33960	33255	24885	24930	47315	28295	26970	32945	27785	64030	33450	63190	40500	26050	35878	35893	39678	35462	34612	67862	33101	35566	36234	31498	32060	31637	34849	35112	32693	33 722	31 984	33484	30222	33838	35236	43394	33654	34224	35925	36307	36895	38669	34222	32303	33811	33730	35273	36285	36314	36304	Vol_143=34716				9581	30633	28751	30306	30483	34574	47029	34716	31442	31442	44743	36155	47472	45432	30501	34813	35471		35565	30483	35448		36161	35870	34763	44884	30935	44876
144	28180	28235	28075	28125	28180	28010	28065	28120	28170	28055	28110		28120	28180	31700	30870	31745	30915	31665	30835	47845	47910	30800	62695		24245		6175	6120		21530	22595	34275	33565	25090	25135	47750	28545	27205	33250	28030	64630	33765	63785	40880	26270	36222	36361	40048	35788	34918	68506	33413	35893	36573	31786	32350	31919	35174	35427	33005	34 027	32 298	33796	30491	34156	35564	43797	33974	34547	36268	36641	37240	39030	34541	32616	34138	34043	35605	36631	36659	36647	Vol_144=35035				9628	30893	29001	30573	30750	34892	47453	35035	31717	31717	45152	36492	47913	45847	30769	35132	35797		35891	30750	35779		36499	36196	35082	45293	31205	45286
145	28425	28480	28315	28370	28425	28255	28305	28360	28415	28295	28350		28360	28425	31980	31155	32030	31205	31945	31115	48275	48340	31080	63280		24430		6230	6175		21680	22775	34580	33870	25295	25345	48185	28790	27440	33560	28270	65225	34080	64385	41260	26485	36566	36630	40418	36113	35223	69150	33725	36219	36911	32075	32630	32202	35499	35742	33317	34 332	32 612	34109	30760	34473	35892	44199	34291	34866	36611	36975	37584	39391	34859	32930	34465	34357	35938	36978	37004	36991	Vol_145=35354				9674	31151	29250	30839	31016	35210	47877	35354	31992	31992	45561	36830	48355	46262	31037	35452	36122		36218	31016	36110		36837	36522	35401	45702	31476	45696
146	28670	28720	28555	28615	28670	28495	28550	28605	28660	28535	28590		28605	28665	32260	31435	32310	31485	32225	31405	48705	48770	31365	63865		24615		6285	6230		21830		34890	34180	25500	25550	48625	29035	27675	33870	28510	65825	34390	64980	41640	26700	36910	36862	40788	36439	35529	69795	34038	36546	37250	32363	32920	32485	35825	36057	33629	34 637	32 926	34421	31028	34791	36220	44602	34609	35189	36954	37309	37929	38752	35178	33243	34793	34671	36271	37324	37349	37334	Vol_146=35673				9719	31409	29498	31106	31282	35528	48302	35673	32267	32266	45970	37168	48796	46678	31305	35772	36448		36544	31282	36442		37175	36847	35720	46111	31746	46107
147	28910	28965	28800	28855	28910	28735	28790	28845	28900	28775	28835		28845	28910	32540	31715	32590	31765	32505	31685	49135	49200	31645	64450		24800		6340	6280		21980		35205	34490	25705	25755	49060	29280	27910	34175	28755	66420	34705	65580	42020	26915	37254	37250	41159	36764	35835	70440	34350	36872	37589	32651	33210	32768	36150	36373	33941	34 943	33 241	34734	31297	35109	36548	45005	34926	35512	37297	37644	38274	40113	35495	33557	35120	34986	36604	37671	37695	37679	Vol_147=35992				9762	31667	29747	31371	31549	35846	48726	35992	32541	32540	46379	37506	49238	47093	31572	36091	36774		36870	31549	36773		37513	37173	36040	46520	32016	46517
148	29155	29205	29040	29095	29155	28975	29035	29090	29145	29015	29075		29090	29150	32820	31995	32870	32045	32785	31695	49565	49630	31925	65035		24985		6395	6335		22130		35510	34795	25910	25960	49495	29525	28140	34485	28995	67020	35020	66180	42400	27130	37599	37485	41530	37090	36140	71086	34663	37199	37928	32939	33500	33050	36476	36688	34253	35 248	33 555	35046	31565	35427	36876	45408	35244	35831	37641	37978	38619	40475	35813	33873	35448	35300	36938	38018	38040	38023	Vol_148=36311				9803	31924	29995	31637	31815	36164	49151	36311	32815	32814	46788	37844	49680	47509	31839	36411	37100		37197	31815	37105		37852	37499	36359	46930	32286	46928
149	29395	29450	29285	29340	29395	29215	29275	29330	29385	29260	29320		29330	29390	33105	32275	33150	32325	33065	32245	49995	50060	32205	65625		25165		6450	6395		22275		35825	35105	26115	26165	49935	29770	28375	34790	29235	67615	35335	66780	42780	27345	37944	37796	41901	37416	36446	71734	34975	37525	38268	33227	33780	33333	36802	37003	34566	35 554	33 870	35359	31832	35746	37204	45811	35562	36154	37985	38313	38965	40836	36133	34188	35776	35616	37271	38365	38386	38367	Vol_149=36630				9843	32180	30243	31902	32080	36482	49575	36630	33089	33088	47198	38183	50123	47924	32106	36731	37426		37523	32080	37438		38190	37825	36679	47339	32555	47339
150	29635	29695	29525	29585	29640	29460	29515	29570	29630	29500	29560		29570	29630	33380	32555	33430	32605	33345	32525	50425	50490	32490	66210		25350		6505	6445		22420		36130	35415	26315	26370	50370	30015	28610	35100	29475	68215	35650	67380	43160	27555	38289	38100	42272	37741	36752	72378	35288	37852	38607	33515	34070	33615	37006	37197	34878	35 860	34 185	35672	32100	36064	37533	46215	35880	36478	38329	38647	39311	41198	36450	34500	36103	35930	37605	38713	38733	38712	Vol_150=36949				9881	32436	30491	32167	32345	36800	50000	36949	33362	33361	47607	38522	50565	48340	32372	37051	37752		37850	32345	37770		38529	38150	36998	47748	32824	47749
151	29875	29935	29765	29825	29880	29700	29755	29815	29870	29740	29800		29815	29875	33660	32835	33715	32885	33625	32805	50850	50920	32770	66795		25530		6560	6505		22565		36440	35720	26520	26570	50810	30260	28840	35410	29710	68815	35965	67980	43540	27755	38634	38409	42642	38067	37058	73025	35600	38179	38947	33803	34360	33897	37454	37634	35191	36 165	34 499	35985	32367	36382	37861	46618	36197	36797	38673	38982	39656	41560	36769	34815	36422	36244	37938	39060	39079	39057	Vol_151=37268				9917	32691	30738	32431	32610	37118	50425	37268	33635	33634	48016	38861	51008	48755	32638	37371	38078		38176	32610	38102		38868	38476	37318	48158	33093	48160
152	30115	39175	30005	30065	30125	29940	29995	30055	30115	29980	30040		30055	30115	33940	33120	33995	33165	33905	33085	51280	51350	33050	67380		25705		6620	6560		22705		36755	36030	26720	26775	51245	30500	29075	35720	29950	69410	36280	68580	43920	27980	38980	38693	43014	38393	37363	73672	35913	38505	39287	34091	34640	34179	37779	37950	35504	36 471	34 814	36297	32634	36701	38189	47021	36515	37120	39018	39317	40025	41923	37084	35129	36751	36558	38272	39408	39426	39402	Vol_152=37587				9951	32946	30985	32696	32874	37436	50849	37587	33908	33907	48425	39200	51451	49171	32904	37691	38404		38503	32874	38435		39207	38802	37637	48567	33361	48571
153	30360		30245	30305	30365	30180	30235	30295	30355	30215	30280		30295	30355	34220	33395	34275	33445	34185	33365	51710	51780	33330	67965		25885		6675	6615		22845		37065	36340	26920	26975	51685	30745	29305	36025	30190	70010	36595	69180	44300	28190	39325	39024	43386	38719	37669	74319	36226	38832	39627	34378	34930	34461	38105	38265	35816	36 777	35 129	36610	32900	37019	38518	47424	36833	37444	39362	39652	40348	42285	37404	35441	37080	36872	38606	39756	39772	39747	Vol_153=37906				9983	33200	31232	32959	33138	37754	51271	37906	34180	34179	48835	39539	51894	49586	33169	38011	38730		38829	33138	38768		39546	39128	37956	48976	33629	48982
154	30600		30485	30545	30605	30415	30475	30535	30595	30455	30515		30535	30595	34500	33675	34555	33735	34465	33645	52140	52210	33615	68555		26060		6730	6670		22985		37375	36645	27120	27175	52120	30985	29535	36335	30425	70605	36910	69780	44680	28400	39671	39386	43758	39045	37975	74967	36539	39158	39967	34666	35210	34742	38431	38581	36129	37 081	35 444	36923	33166	37337	38846	47828	37151	37763	39707	39986	40694	42647	37723	35755	37409	37187	38940	40104	40119	40092	Vol_154=38225				10013	33453	31478	33223	33402	38072	51698	38225	34452	34451	49244	39878	52337	50002	33434	38331	39056		39156	33402	39100		39886	39453	38276	49386	33896	49392
155	30840		30725	30785	30845	30655	30715	30775	30840	30695	30755		30775	30835	34780	33955	34835	34015	34740	33925	52570	52640	33895	69140		26235		6785	6725		23125		37685	36955	27320	27375	52555	31225	29765	36950	30660	71205	37225	70380	45060	28605	40017	39700	44129	39370	38281	75615	36851	39485	40307	34953	35500	35024	38757	38896	36442	37 387	35 758	37235	33432	37565	39174	48231	37469	38087	40052	40321	41041	43010	38041	36071	37739	37502	39274	40452	40466	40437	Vol_155=38544				10040	33706	31724	33485	33665	38390	52123	38544	34723	34722	49653	40217	52781	50417	33698	38650	39382		39482	33665	39433		40225	39779	38595	49795	34163	49803
156	31080		30965	31025	31090	30895	30955	31015	31080	30930	30995		31015	31075	35060	34235	35115	34295	35020	34205	52995	53070	34175	69725		26410		6815	6780		23260		37995	37265	27520	27575	52990	31470	29995	37260	30900	71805	37540	70985	45440	28815	40363	40024	44501	39696	38586	76263	37164	39811	40647	35240	35790	35305	39083	39212	36754	37 693	36 073	37548	33697	37974	39503	48634	37787	38410	40397	40656	41387	43372	38357	36383, 7	38068	37816	39607	40801	40813	40783	Vol_156=38862				10065	33957	31969	33748	33929	38708	52547	38862	34994	34993	50062	40557	53224	50832	33962	38970	39708		39809	33929	39766		40564	40105	38914	50204	34430	50213
157	31315		31205	31265	31330	31130	31195	31255	31320	31170	31235		31255	31315	35340	34515	35395	34575	35295	34485	53425	53500	34455	70310		26605		6900	6835		23395		38305	37570	27715	27770	53425	31710	30225	37570	31135	72400	37855	71585	45820	29020	40709	40379	44870	40021	38892	76911	37477	40138	40988	35526	36070	35586	39409	39527	37067	37 999	36 388	37860	33962	38292	39831	49037	38105	38729	40742	40990	41733	43735	38675	36698	38398	38131	39941	41149	41160	41128	Vol_157=39181				10087	34208	32215	34010	34190	39026	52971	39181	35264	35263	50470	40896	53668	51248	34226	39290	40033		40135	34190	40099		40904	40430	39233	50613	34696	50623
158	31555		31440	31505	31570	31370	31430	31495	31560	31405	31470		31495	31555	35620	34795	35675	34855	35575	34755	53855	53930	34735	70895		26755		6955	6890		23530		38615	37880	27910	27970	53865	31950	30455	37875	31370	73000	38170	72190	46200	29225	41055	40688	45245	40347	39197	77560	37789	40464	41328	35813	36360	35866	39734	39842	37380	38 305	36 702	38172	34226	38611	40159	49440	38423	39052	41087	41325	42080	44098	38994	37012	38727	38444	40275	41498	41508	41474	Vol_158=39500				10105	34458	32459	34271	34452	39344	53395	39500	35534	35533	50879	41236	54111	51663	34489	39609	40359		40461	34452	40432		41244	40756	39553	51022	34961	51034
159	31795		31680	31745	32810	31605	31670	31735	31800	31645	31710		31735	31790	35895	35075	35955	35135	35850	35035	54285	54360	35015	71480		26925		7015	6950		23660		38925	38190	28105	28165	54300	32185	30680	38175	31605	73600	38485	72790	46580	29430	41402	40961	45617	40672	39503	78208	38102	40790	41668	36099	36640	36147	40060	40158	37692	38611	37017	38484	34490	38929	40487	49843	38740	39376	41433	41660	42426	44461	39312	37328	39055	38759	40609	41847	41855	41820	Vol_159=39818				10119	34708	32704	34532	34713	39661	53820	39818	35804	35803	51288	41575	54555	52078	34751	39928	40684		40787	34713	40765		41583	41081	39871	51430	35226	51444
160	32035		31915	31980	32045	31840	31910	31970	32035	31880	31945		31970	32030	36175	35355	36230	35415	36130	35315	54715	54790	35295	72065		27090		7070	7005		23790		39230	38495	28300	28360	54735	32425	30910	38495	31840	74195	38800	73395	46960	29635	41748	41294	45985	40997	39808	78857	38414	41116	42009	36385	36920	36427	40385	40473	38005	38916	37 331	38796	34754	39247	40815	50246	39058	39694	41778	41994	42773	44823	39630	37633	39383	39073	40943	42195	42202	42165	Vol_160=40136				10127	34956	32948	34792	34974	39979	54243	40136	36072	36071	51696	41915	54998	52492	35013	40248	41010		41113	34974	41098		41923	41406	40190	51839	35491	51853
161	32270		32150	32220	32285	32075	32145	32210	32275	32115	32180		32210	32270	36455	35635	36510	35695	36410	35595	55145	55220	35575	72650		27260		7125	7060		23915		39540	38805	28495	28555	55170	32665	31135	38800	32070	74795	39110	74000	47340	29835	42094	41602	46366	41322	40113	79506	38726	41441	42349	36670	37210	36707	40710	40788	38317	39 222	37 646	39108	35017	39565	41143	50648	39376	40018	42124	42329	43119	45186	39948, 1	37952	39711	39387	41277	42544	42550	42511	Vol_161=40455					35204	33191	35052	35234	40296	54667	40455	36341	36340	52104	42254	55442	52907	35274	40567	41335		41438	35234	41431		42262	41731	40509	52247	35755	52263
162	32510		32390	32460	32520	32315	32380	32445	32515	32350	32415		32445	32505	36730	35910	36785	35975	36685	35865	55570	55650	35850	73235		27425		7185	7115		24040		39855	39110	28685	28745	55605	32900	31360	39110	32305	75390	39425	74600	47720	30040	42441	41909	46731	41647	40418	80155	39038	41767	42689	36956	37490	36986	41035	41102	38629	39 527	37 960	39420	35279	39883	41470	51051	39693	40340	42469	42663	43465	45548	40267	38263, 7	40038	39701	41610	42893	42897	42857	Vol_162=40773					35451	33434	35312	35494	40613	55091	40773	36608	36607	52512	42594	55886	53321	35535	40886	41660		41764	35494	41765		42602	42056	40827	52655	36019	52672
163	32745		32625	32695	32760	32550	32615	32685	32750	32585	32650		32685	32740	37005	36190	37065	36245	36960	36145	55995	56075	36130	73820		27585		7240	7175		24165		40160	39420	28880	28940	56035	33135	31585	39415	32535	75985	39740	75205	48100	30240	42787	42227	47106	41971	40723	80803	39351	42092	43030	37241	37780	37265	41360	41417	38942	39 833	38 274	39732	35541	40200	41798	51453	40010	40659	42814	42997	43812	45912	40584	38577	40366	40015	41944	43242	43245	43203	Vol_163=41090					35697	33676	35570	35753	40930	55513	41090	36876	36875	52920	42933	56329	53735	35795	41204	41984		42089	35753	42098		42942	42381	41145	53063	36281	53082
164	32980		32860	32930	33000	32785	32850	32920	32990	32820	32885		32920	32975	37285	36470	37340	36525	37235	36425	56425	56505	36410	74405		27750		7300	7230		24290		40470	39730	29070	29130	56470	33370	31810	39645	32765	76585	40055	75810	48480	30440	43134	42560	47471	42296	41027	81452	39662	42417	43370	37525	38060	37544	41685	41732	39254	40 138	38 588	40043	35802	40518	42125	51855	40327	40981	43160	43331	44158	46274	40901	38891	40693	40328	42277	43590	43592	43548	Vol_164=41408					35942	33918	35828	36012	41246	55936	41408	37142	37141	53327	43273	56773	54149	36055	41523	42309		42414	36012	42431		43281	42705	41463	53470	36544	53491
165	33215		33095	33165	33235	33015	33085	33155	33225	33050	33120		33155	33210	37560	36745	37620	36805	37515	36705	56855	56935	36685	74990		27910		7355	7285		24410		40780	40035	29255	29320	56905	33605	32035	39725	32995	77180	40370	76415	48855	30635	43480	42800	47850	42620	41332	82101	39974	42742	43710	37809	38340	37822	42010	42046	39566	40 443	38 902	40354	36063	40835	42452	52257	40644	41304	43505	43665	44504	46637	41218	39204	41020	40641	42611	43939	43939	43894	Vol_165=41725					36186	34160	36086	36269	41563	56359	41725	37408	37407	53734	43612	57216	54562	36314	41841	42633		42739	36269	42764		43621	43029	41781	53878	36805	53899
166	33450		33330	33400	33470	33250	33320	33390	33460	33285	33355		33390	33445	37835	37020	37895	37085	37790	36975	57280	57365	36965	75575		28070		7415	7345		24525		41085	40345	29445	29510	57335	33840	32255	40030	33225	77775	40680	77020	49235	30855	43826	43163	48223	42944	41636	82750	40286	43067	44050	38093	38620	38100	42334	42360	39877	40 748	39215	40665	26324	41152	42779	52658	40961	41622	43851	43998	44851	46999	41535	39518	41347	40954	42944	44288	44287	44240	Vol_166=42043					36429	34400	36342	36527	41879	56781	42043	37673	37672	54141	43951	57660	54975	36572	42159	42957		43064	36527	43096		43960	43353	42099	54285	37066	54307
167	33685		33565	33635	33705	33480	33555	33625	33695	33515	33590		33625	33680	38110	37300	38175	37355	38065	37255	57705	57790	37245	76155		28235		7470	7400		24640		41395	40650	29630	29695	57770	34070	32480	40340	33455	78370	40995	77620	49615	31030	44173	43483	48595	43267	41940	83399	40597	43391	44390	38377	38910	38377	42658	42674	40189	41053	39 529	40975	36583	41469	43106	53059	41277	41944	44196	44332	45197	47362	41851	39831	41674	41267	43277	44637	44634	44586	Vol_167=42359					36671	34641	36598	36783	42195	57203	42359	37938	37937	54548	44291	58103	55388	36829	42477	43281		43388	36783	43429		44299	43677	42416	54692	37327	54715
168	33915		33795	33870	33940	33715	33790	33860	33930	33750	33820		33860	33915	38385	37575	38450	37635	38340	37535	58135	58215	37520	76740		28380		7530	7460		24755		41705	40955	29820	29885	58200	34305	32700	40645	33680	78970	41310	78225	49990	31225	44519	43794	48966	43591	42243	84047	40908	43716	44730	38660	39190	38655	42982	42988	40500	41357	39 842	41286	36842	41786	43432	53460	41594	42265	44541	44665	45543	47724	42167	40145	42001	41580	43610	44985	44981	44931	Vol_168=42676					36912	34880	36854	37039	42511	57626	42676	38202	38201	54954	44630	58546	55801	37086	42794	43605		43712	37039	43762		44638	44000	42733	55098	37587	55123
169	34150		34030	34100	34175	33945	34020	34095	34165	33980	34055		34095	34145	38660	37850	38725	37915	38615	37805	58500	58645	37795	77325		28535		7585	7515		24865		42010	41265	30000	30070	58630	34535	32925	40955	33910	79565	41620	78830	50370	31420	44865	44076	49338	43914	42547	84696	41219	44039	45070	38942	39470	38931	43306	43301	40811	41 662	40 155	41596	37101	42102	43758	53861	41910	42583	44887	44998	45889	48086	42483, 1	40457	42327	41892	43942	45334	45328	45276	Vol_169=42992					37152	35119	37109	37295	42826	58046	42992	38465	38464	55360	44969	58989	56213	37343	43111	43928		44036	37295	44095		44977	44324	43050	55504	37846	55530
170	34385		34260	34335	34410	34175	34250	34325	34400	34210	34285		34325	34380	38935	38125	39000	38195	38890	38085	58985	59070	38075	77905		28685		7645	7570		24975		42320	41570	30185	30255	59060	34765	33145	41260	34135	80155	41935	79435	50750	31610	45211	44527	49710	44236	42850	85344	41529	44363	45410	39225	39750	39207	43629	43614	41122	41 966	40 468	41906	37358	42419	44084	54261	42225	42904	45232	45331	46235	48448	42799	40770	42654	42204	44275	45682	45675	45622	Vol_170=43308					37391	35358	37363	37549	43141	58467	43308	38728	38726	55765	45308	59432	56625	37598	43428	44251		44359	37549	44427		45316	44647	43366	55910	38104	55937
171	34615		34490	34565	34645	34405	34480	34560	34630	34440		34590	34560	34610	39210	38400	39275	38465	39160	38355	59410	59495	38350	78490		28835		7705	7630		25085		42625	41875	30370	30435	59495	34995	33360	41565	34360	80750	42245	80040	51125	31800	45557	44682	50081	44559	43153	85992	41840	44686	45749	39506	40030	39483	43952	43927	41433	42 269	40 780	42215	37615	42735	44410	54661	42541	43225	45577	45663	46580	48810	43114	41083	42980	42516	44607	46031	46022	45967	Vol_171=43624					37629	35596	37616	37802	43456	58889	43624	38989	38988	56170	45646	59874	57036	37853	43745	44574		44682	37802	44759		45655	44969	43682	56315	38361	56344
172	34845		34725	34800	34875	34635	34710	34790	34860	34665		34820	34790	34840	39485	38675	39550	38745	39435	38635	59835	59925	38625	79070		28985		7760	7680		25190		42930	42180	30550	30500	59925	35225	33580	41875	34585	81345	42560	80645	51500	31990	45903	44989	50453	44881	43455	86640	42150	45009	46089	39788	40310	39758	44275	44240	41743	42 573	41 092	42524	37872	43051	44735	55061	42856	43542	45922	45996	46926	49172	43429	41396	43305	42828	44939	46379	46369	46312	Vol_172=43940					37865	35833	37868	38056	43770	59308	43940	39250	39249	56575	45985	60317	57447	38107	44061	44896		45005	38056	45091		45994	45292	43998	56720	38618	56750
173	35075		34955	35030	35105	34865	34940	35020	35095	34895		35050	35020	35070	39760	38950	39820	39015	39705	38905	60260	60350	38900	79650		29130		7820	7740		25290		43240	42490	30730	30615	60350	35450	33795	42180	34805	81935	42870	81250	51880	32180	46249	45344	50824	45203	43757	87288	42460	45332	46428	40068	40590	40033	44920	44552	42053	42 876	41 404	42833	38127	43366	45060	55460	43171	43862	46266	46328	47271	49534	43743	41707	43630, 7	43139	45271	46727	46715	46657	Vol_173=44255					38101	36069	38120	38306	44084	59728	44255	39511	39509	56979	46323	60759	57857	38360	44377	45218		45328	38306	45423		46332	45614	44314	57124	38874	57156
174	35305		35185	35260	35340	35095	35170	35250	35325	35125		35280	35250	35300	40030	39225	40095	39295	39975	39175	60685	60775	39175	80230		29275		7880	7800		25390		43545	42795	30905	30795	60780	35680	34015	42485	35030	82530	43180	81850	52630	32365	46595	45645	51195	45524	44059	87935	42769	45654	46767	40349	40860	40307	44958	44864	42363	43 179	41 716	43141	38382	43681	45385	55859	43486	44182	46611	46659	47616	49895	44057	42020	43956	43450	45602	47075	47062	47002	Vol_174=44569					38335	36305	38371	38560	44398	60146	44569	39770	39769	57383	46662	61201	58267	38612	44693	45539		45650	38560	45755		46671	45935	44629	57528	39129	57561
175	35535		35410	35490	35570	35325	35400	35480	35555	35350		35510	35480	35530	40300	39500	40370	39565	40245	39455	61110	61195	39450	80810		29415		7935	7860		25485		43850	43100	31085	30975	61205	35905	34320	42790	35250	83120	43495	82455	53005	32555	46940	46036	51565	45845	44361	88582	43078	45976	47106	40628	41140	40581	45242	45176	42673	43 482	42 027	43449	38636	43996	45709	56257	43800	44498	46956	46991	47961	50256	44370, 7	42331	44281	43761	45933	47423	47408	47346	Vol_175=44884					38568	36540	38621	38811	44711	60566	44884	40028	40027	57786	47000	61642	58677	38864	45008	45861		45972	38811	46087		47009	46257	44943	57932	39384	57966
176	35760		35640	35720	35800	35550	35630	35710	35785	35575		35740		35855	40570	39775	40640	39835	40515	39725	61530	61620	39725	81390		29555		7995	7920		25580		44155	43405	31260	31155	61635	36130	34445	43095	35470	83715	43805	83060	53255	32735	47285	46273	51936	46166	44662	89229	43387	46297	47444	40907	41430	40854	45563	45487	42982	43 784	42 338	43757	38890	44310	46033	56655	44114	44818	47300	47322	48305	50617	44684	42642	44605	44071	46264	47771	47754	47691	Vol_176=45197					38800	36775	38870	39060	45024	60984	45197	40286	40285	58189	47337	62084	59086	39114	45322	46181		46293	39060	46418		47346	46577	45258	58335	39637	58370
177	35990		35865	35950	36025	35775	35855	35935	36015	35800		35965		35985	40840	40045	40910	40115	40785	39995	61955	62045	39995	81970		29690		8055	7980		25670		44460	43710	31430	31330	62065	36350	34655	43400	35690	84305	44115	83665	53380	32915	47630	46560	52306	46486	44963	89875	43695	46618	47783	41186	41700	41127	45884	45798	43291	44 087	42 648	44064	39142	44624	46357	57053	44428	45137	47644	47652	48650	50878	44997	42950	44929	44381	46595	48118	48100	48035	Vol_177=45511					39031	37008	39118	39309	45337	61404	45511	40543	40542	58591	47675	62525	59495	39364	45637	46502		46614	39309	46749		47684	46898	45572	58737	39890	58774
178	36215		36090	36175	36255	36000	36080	36165	36245	36025		36190		36210	41110	40315	41180	40385	41055	40265	62375	62470	40270	82545		29825		8115	8030		25760		44765	44010	31605	31680	62490	36575	34865	43705	35915	84895	44425	84265	53755	33100	47975	46868	52676	46806	45263	90521	44004	46938	48151	41464	41970	41399	46204	46108	43599	44 388	42 958	44371	39394	44938	46680	57450	44741	45452	47988	47983	48994	51338	45310	43264	45253, 1	44691	46925	48465	48445	48379	Vol_178=45824					39260	37241	39365	39558	45649	61819	45824	40799	40797	58993	48012	62966	59902	39613	45951	46821		46934	39558	47080		48021	47218	45885	59139	40142	59177
179	36440		36315	36400	36485	36225	36305	36390	36470	36250		36415		36435	41380	40585	41450	40655	41325	40535	62795	62890	40540	83125		29960		8175	8090		25845		45070	44315	31775	31850	62915	36795	35080	44010	36125	85480	44735	84870	54130	33280	48320	47180	53045	47125	45563	91167	44311	47258	48459	41741	42250	41670	46525	46419	43907	44 690	43 268	44678	39645	45251	47003	57846	45054	45770	48332	48313	49338	51698	45622	43576	45577	44999	47255	48812	48791	48723	Vol_179=46137					39488	37473	39612	39805	45961	62236	46137	41054	41052	59394	48349	63406	60310	39861	46264	47141		47254	39805	47411		48358	47538	46198	59541	40393	59579
180	36665		36540	36625	36710	36450	36530	36615	36695	36475		36640		36660	41650	40855	41720	40915	41595	40805	63220	63315	40815	83700		30090		8230	8150		25930		45375	44620	31945	32020	63340	37015	35290	44310	36340	86070	45045	85475	54505	33455	48664	47482	53414	47444	45863	91812	44618	47578	48796	42018	42520	41941	46844	46728	44215	44 991	43 578	44984	39895	45564	47325	58242	45366	46088	48675	48642	49681	52058	45933	43884	45900	45308	47585	49159	49136	49066	Vol_180=46449					39715	37705	39857	40051	46272	62654	46449	41308	41306	59795	48686	63846	60717	40108	46577	47460		47574	40051	47741		48695	47857	46511	59941	40643	59981
181	36890		36765	36850	36935	36670	36755	36840	36920	36695		36865		36885	41920	41125	41990	41195	41860	41075	63610	63735	41085	84275		30215		8290	8210		26010		45675	44925	32110	32190	63765	37235	35495	44615	36555	86660	45355	86075	54880	33630	49008	47746	53783	47762	46162	92457	44925	47897	49133	42294	42800	42211	47164	47038	44522	45 291	43 887	45289	40144	45877	47647	58638	45678	46402	49018	48971	50025	52417	46244	44196	46222	45617	47914	49506	49481	49410	Vol_181=46760					39940	37935	40102	40297	46582	63068	46760	41561	41560	60195	49022	64286	61123	40354	46890	47778		47893	40297	48071		49032	48176	46823	60342	40892	60383
182	37115		36990	37075	37160	36895	36960	37065	37145	36915		37090		37110	42185	41395	42260	41465	42130	41345	64060	64155	41355	84855		30340		8350	8270		26085		45980	45225	32280	32355	64185	37450	35705	44920	36770	87245	45660	86680	55250	33805	49352	48079	54152	48080	46461	93101	45232	48216	49470	42570	43070	42480	47482	47347	44829	45 591	44 195	45594	40392	46189	47968	59033	45990	46718	49361	49300	50368	52776	46555	44501	46544	45925	48243	49852	49825	49752	Vol_182=47071					40164	38165	40346	40541	46893	63483	47071	41813	41812	60594	49358	64725	61528	40599	47202	48096		48211	40541	48401		49368	48494	47134	60741	41140	60784
183	37335		37210	37295	37385	37115	37200	37290	37370	37135		37315		37330	42450	41665	42525	41735	42395	41615	64475	64575	41625	85425		30465		8410	8330		26155		46285	45530	32445	32525	64610	37670	35915	45220	36980	87830	45970	87285	55625	33980	49696	48370	54520	48397	46759	93745	45538	48534	49807	42844	43340	42749	47801	47655	45136	45 891	44 503	45898	40639	46501	48289	59427	46301	47035	49704	49628	50710	53135	46865, 1	44810	46865	46232	48571	50198	50170	50095	Vol_183=47382					40387	38394	40588	40785	47202	63900	47382	42064	42063	60993	49694	65164	61933	40843	47513	48414		48529	40785	48730		49704	48812	47445	61140	41387	61184
184	37560		37430	37520	37605	37335	37425	37510	37595	37355		37535		37555	42715	41935	42790	42005	42660	41875	64895	64995	41895	86000		30585		8470	8385		26220		46580	45830	32505	32685	65030	37885	36120	45520	37190	88415	46275	87885	55995	34150	50039	48620	54888	48714	47057	94388	45843	48851	50143	43119	43610	43017	48119	47963	45442	46 191	44 811	46202	40886	46812	48610	59820	46611	47346	50046	49956	51053	53494	47175	45117	47187	46539	48899	50544	50513	50437	Vol_184=47692					40608	38622	40830	41027	47511	64312	47692	42314	42313	61391	50030	65602	62338	41086	47824	48731		48847	41027	49059		50039	49129	47756	61539	41633	61583
185	37780		37650	37740	37830	37555	37645	37730	37820	37575		37755		37775	42980	42200	43055	42275	42925	42145	65315	65415	42165	86575		30700		8530	8445		26285		46885	46130	32765	32850	65450	38100	36325	45825	37400	89000	46585	88485	56365	34320	50382	48973	55256	49030	47355	95030	46148	49168	50479	43392	43890	43284	48436	48271	45747	46 490	45 118	46506	41131	47122	48930	60214	46921	47663	50388	50283	51394	53852	47484	45425	47507	46845	49227	50889	50857	50779	Vol_185=48002					40827	38849	41070	41269	47820	64725	48002	42564	42562	61788	50365	66040	62741	41328	48134	49047		49163	41269	49388		50374	49446	48066	61936	41878	61982
186	38000		37870	37960	38050	37775	37865	37950	38040	37795		37975		37995	43245	42465	43320	42545	43185	42415	65730	65830	42430	87145		30815		8590	8505		26345		47185	46435	32925	33010	65890	38310	36525	46125	37610	89585	46890	89090	56735	34485	50724	49273	55623	49346	47652	95672	46453	49484	50815	43665	44160	43551	48753	48578	46052	46 788	45 425	46809	41376	47433	49249	60606	47231	47978	50730	50610	51736	54208	47792	45731	47828	47151	49554	51234	51200	51121	Vol_186=48311					41045	39075	41310	41509	48128	65140	48311	42812	42810	62185	50699	66478	63144	41569	48444	49363		49480	41509	49716		50709	49762	48375	62339	42122	62380
187	38220		38090	38180	38270	37990	38080	38170	38260	38010		38195		38215	43510	42730	43585	42805	43450	42675	66145	66250	42700	87715		30925		8650	8560		26395		47485	46735	33085	33165	66290	38520	36730	46425	37815	90165	47195	89690	57105	34650	51067	49564	55989	49661	47948	96314	46756	49800	51150	43937	44430	43817	49069	48884	46357	47 086	45 731	47111	41619	47742	49568	60998	47540	48288	51071	50936	52077	54566	48100	46038	48147	47457	49880	51579	51543	51462	Vol_187=48619					41262	39300	41548	41749	48436	65549	48619	43058	43057	62581	51034	66915	63546	41809	48754	49678		49795	41749	50044		51044	50078	48684	62730	42365	62777
188	38435		38205	38400	38490	38210	38300	38390	38480	38225		38415		38430	43775	42995	43850	43075	43715	42945	66565	66665	42965	88285		31035		8710	8625		26440		47785	47035	33240	33325	66710	38730	36930	46725	38025	90750	47500	90290	57475	34875	51408	49854	56336	49985	48244	96954	47060	50115	51484	44208	44700	44082	49384	49190	46661	47 384	46 036	47413	41961	48051	49886	61389	47848	48602	51412	51262	52418	54823	48408	46343	48467	47762	50207	51923	51886	51803	Vol_188=48927					41477	39524	41785	41987	48742	65960	48927	43304	43303	62976	51368	67351	63947	42048	49062	49992		50111	41987	50372		51378	50393	48992	63125	42607	63174
189	38650		38525	38620	38710	38425	38515	38605	38700	38440		38630		38645	44035	43260	44115	43335	43975	43205	66975	67080	43230	88855		31140		8770	8680		26480		48085	47335	33395	33480	67125	38940	37130	47025	38225	91330	47805	90890	57845	34975	51750	50165	56721	50289	48539	97595	47363	50430	51819	44478	44960	44346	49699	49496	46964	47 681	46 341	47714	42103	48360	50203	61779	48156	48916	51753	51587	52758	55280	48714	46649	48786	48066	50532	52267	52228	52144	Vol_189=49234					41690	39747	42021	42224	49049	66373	49234	43549	43547	63370	51701	67787	64348	42285	49370	50306		50425	42224	50699		51711	50707	49300	63520	42848	63570
190	38870		38745	38835	38930	38635	38730	38825	38915	38655		38845		38860	44295	43525	44375	43605	44235	43465	67395	67495	43495	89425		31240		8830	8740		26505		48380	47630	33545	33635	67545	39150	37325	47325	38430	91910	48110	91490	58210	35135	52091	50432	57087	50602	48834	98234	47665	50744	52153	44748	45230	44610	50014	49801	47267	47 977	46 646	48014	42343	48668	50521	62169	48464	49224	52093	51912	53098	55635	49021	46953.1	49104	48369	50857	52610	52569	52484	Vol_190=49541					41901	39970	42256	42460	49354	66780	49541	43792	43791	63764	52034	68222	64748	42522	49678	50619		50739	42460	51026		52044	51021	49607	63914	43087	63965
191	39085		38955	39050	39145	38850	38945	39040	39135	38865		39060		39075	44555	43790	44640	43865	44495	43725	67805	67910	43760	89990		31340		8890	8800		26515		48680	47930	33695	33785	67960	39355	37525	47625	38635	92485	48415	92090	58580	35295	52432	50717	57451	50914	49128	98872	47967	51057	52486	45016	45500	44872	50327	50105	47570	48 273	46 950	48314	42582	48975	50837	63557	48770	49578	52433	52236	53437	55991	49326	47257	49422	48673	51182	52954	52911	52824	Vol_191=49847					42111	40191	42490	42695	49659	67189	49847	44035	44033	64157	52367	68657	65146	42757	49984	50932		51052	42695	51352		52377	51334	49913	64307	43326	64359
192	39300		39170	39265	39360	39065	39160	39255	39350	39080		39270		39290	44815	44050	44900	44335	44755	43995	68210	68325	44025	90555		31435		8950	8860		26530		48980	48230	33840	33930	68375	39560	37720	47920	38835	93065	48720	92690	58945	35450	52772	51029	57816	51226	49422	99510	48268	51369	52819	45284	45760	45134	50641	50409	47871	48 569	47 253	48613	42820	49282	51153	62946	49077	49849	52772	52558	53776	56346	49631	47561	49739	48975	51506	53296	53251	53163	Vol_192=50152					42319	40411	42722	42929	49963	67599	50152	44276	44274	64549	52699	69091	65545	42991	50290	51244		51365	42929	51678		52709	51647	50219	64699	43563	64752
193	39510		39380	39475	39575	39275	39370	39470	39565	39290		39485		39505	45075	44300	45160	44395	45015	44255	68630	68735	44290	91125		31530		9015	8920		26545		49275	48525	33985	34080	68790	39760	37910	48220	39030	93640	49020	93290	59310	35600	53112	51336	58180	51537	49715	100147	48568	51681	53151	45551	46030	45395	50953	50712	48173	48 864	47 556	48912	43057	49588	51468	63333	49382	50155	53111	52882	54115	56700	49935	47863	50055	49277	51829	53639	53592	53502	Vol_193=50456					42526	40630	42954	43161	50267	68004	50456	44515	44514	64940	53031	69525	65942	43224	50596	51555		51676	43161	52003		53041	51959	50524	65091	43799	65145
194	39725		39590	39690	39785	39485	39585	39680	39775	39500		39700		39715	45335	44570	45415	44655	45270	44515	69040	69150	44550	91685		31615		9075	8980		26555		49565	48825	34130	34225	69200	39965	38105	48515	39230	94215	49325	93885	59675	35750	53451	51619	58543	51848	50007	100784	48868	51992	53483	45817	46290	45655	51265	51015	48473	49 158	47 858	49210	43293	49894	51782	63719	49687	50465	53450	53204	54452	57054	50239	48166	50371	49579	52152	53980	53932	53840	Vol_194=50760					42730	40848	43184	43393	50570	68411	50760	44754	44752	65330	53362	69958	66338	43455	50901	51866		51987	43393	52328		53372	52270	50828	65482	44033	65536
195	39935		39800	39900	40000	39695	39795	39895	39990	39705		39910		39925	45595	44830	45675	44915	45525	44775	69450	69560	44815	92250		31700		9135	9040		26570		49865	49120	34270	34365	69615	40165	38295	48810	39425	94790	49625	94485	60040	35900	53790	51900	58906	52137	50299	101419	49167	52303	53815	46083	46550	45915	51576	51317	48773	49 452	48 159	49507	43527	50199	52096	64105	49991	50776	53788	53526	54790	57407	50541	48467	50686	49879	52474	54322	54271	54178	Vol_195=51063					42933	41065	43412	43623	50872	68818	51063	44991	44990	65720	53692	70390	66733	43685	51205	52175		52298	43623	52652		53703	52581	51132	65871	44267	65927
196	40145		40010	40110	40210	39905	40005	40105	40200	39915		40120		40135	45850	45090	45935	45175	45780	45035	69860	69970	45075	92810		31780		9195	9100		26585		50160	49415	34410	34505	70025	40360	38485	49110	39620	95360	49925	95080	60405	36045	54128	52180	59260	52466	50590	102053	49466	52612	54146	46347	46820	46173	51886	51618	49072	49 745	48 460	49803	43760	50503	52409	64490	50295	51084	54125	53847	55127	57760	50844	48768	51000	50179	52796	54663	54610	54515	Vol_196=51366					43134	41281	43640	43851	51173	69221	51366	45227	45226	66108	54023	70822	67128	43914	51508	52484		52607	43851	52976		54033	52891	51434	66260	44499	66317
197	40350		40220	40320	40420	40110	40210	40315	40410	40120		40325		40345	46105	45350	46190	45435	46035	45285	70265	70380	45335	93375		31855		9255	9160		26595		50450	49710	34550	34645	70435	40560	38670	49405	39810	95935	50225	95680	60765	36190	54466	52580	59629	52774	50880	102687	49764	52921	54476	46610	47080	46430	52196	51919	49371	50 038	48 760	50099	43992	50806	52722	64874	50598	51388	54463	54167	55463	58112	51145	49068	51314	50479	53117	55003	54948	54852	Vol_197=51668					43333	41495	43866	44079	51474	69624	51668	45462	45460	66495	54352	71253	67521	44142	51810	52793		52916	44079	53299		54363	53200	51736	66648	44730	66706
198	40560		40425	40530	40630	40315	40420	40520	40620	40325		40535		40555	46360	45600	46445	45695	46290	45545	70675	70785	45595	93930		31925		9320	9220		26610		50745	50005	34680	34790	70845	40755	38860	49700	40000	96505	50525	96275	61130	36330	54803	52780	59990	53082	51170	103320	50061	53229	54806	46873	47340	46687	52505	52219	49669	50 330	49 060	50394	44223	51109	53033	65257	50900	51697	54799	54486	55799	58464	51446	49368	51627	50777	53437	55343	55286	55198	Vol_198=51968					43530	41709	44091	44305	51774	70020	51968	45695	45693	66882	54681	71683	67914	44368	52112	53100		53224	44305	53622		54692	53508	52038	67035	44959	67094
199	40765		40630	40735	40810	40520	40625	40725	40830	40530		40740		40760	46615	45865	46700	45955	46545	45785	71080	71195	45850	94490		31990		9380	9280		26625		51035	50300	34815	34915	71250	40945	39045	49990	40190	97070	50825	96870	61490	36470	55140	53044	60350	53388	51459	103951	50357	53537	55135	47134	47600	46942	52813	52518	49966	50 621	49 358	50688	44453	51411	53344	65639	51201	52000	55135	54805	56134	58815	51745	49667	51939	51075	53757	55682	55623	55524	Vol_199=52268					43725	41921	44314	44530	52073	70429	52268	45927	45925	67267	55010	72112	68305	44593	52413	53407		53531	44530	53944		55020	53816	52338	67421	45187	67480
200	40970		40835	40910	41045	40725	40830	40930	41035	40730		40945		40965	46865	46120	46950	46205	46795	46045	71485	71600	46110	95045		32050		9440	9340		26635		51330	50590	34945	35045	71660	41140	39225	50285	40380	97640	51120	97465	61850	36605	55477	53318	60710	53694	51748	104582	50653	53843	55464	47395	47850	47197	53120	52817	50263	50 912	49 656	50981	44681	51713	53654	66020	51502	52306	55471	55123	56468	59165	52044	49965	52251	51371	54076	56021	55960	55859	Vol_200=52568					43918	42132	44536	44753	52371	70829	52568	46157	46156	67652	55337	72541	68696	44816	52713	53713		53838	44753	54266		55348	54123	52638	67806	45414	67866
201	41175		41040	41145	41250	40930	41035	41135	41240	40930		41150		41170	47115	46375	47205	46465	47045	46305	71890	72005	46360	95605		32100		9505	9400		26650		51620	50885	35070	35175	72065	41330	39410	50580	40565	98205	51420	98060	62210	36740	55812	53599	61069	53999	52036	105212	50948	54149	55792	47654	48110	47450	53427	53115	50558	51 202	49 953	51274	44908	52013	53963	66400	51801	52612	55806	55441	56802	59515	52343	50262, 1	52562	51668	54394	56359	56296	56194	Vol_201=52866					44108	42342	44756	44975	52669	71231	52866	46386	46385	68035	55665	72969	69085	45038	53012	54017		54143	44975	54587		55675	54429	52937	68190	45639	68251
202	41375		41240	41350	41455	41130	41235	41340	41445	41135		41350		41370	47365	46630	47455	46965	47295	46565	72295	72410	46620	96155		32145		9565	9460		26665		51910	51175	35195	35295	72470	41515	39585	50870	40750	98770	51715	98650	62565	36870	56147	53900	61427	54303	52323	105840	51242	54454	56119	47913	48370	47703	53732	53412	50854	51 491	50 250	51565	45133	52313	54272	66779	52101	57912	56140	55757	57135	59864	52640	50559	52872	51963	54711	56697	56631	56528	Vol_202=53164					44297	42551	44975	45196	52965	71628	53164	46614	46612	68418	55991	73396	69473	45258	53311	54322		54448	45196	54907		56002	54734	53235	68573	45863	68635
203	41575		41445	41550	41660	41330	41435	41545	41650	41330		41550		41570	47615	46880	47705	47225	47545	46815	72695	72815	46875	96710		32175		9630	9525		26675		52200	51470	35305	35420	72875	41705	39765	51160	40930	99335	52010	99245	62925	37000	56482	54164	61783	54606	52609	106468	51535	54757	56446	48170	48620	47954	54037	53709	51148	51 780	50 545	51856	45357	52612	54579	67157	52399	53216	56474	56073	57468	60212	52937	50855	53181	52258	55028	57034	56966	56862	Vol_203=53461					44484	42758	45193	45415	53261	72026	53461	46840	46838	68799	56317	73822	69861	45477	53608	54625		54752	45415	55227		56328	55038	53532	68955	46086	69017
204	41775		41645	41750	41860	41525	41635	41745	41850	41525		41750		41770	47865	47130	47955	47475	47790	47065	73095	73215	47130	97260		32200		9690	9585		26690		52430	51760	35435	35540	73275	41885	39940	51455	41110	99895	52305	99835	63280	37125	56816	54422	62142	54908	52895	107094	51828	55060	56772	48426	48880	48204	54341	54004	51441	52 068	50 840	52146	45580	52910	54886	67535	52696	53519	56807	56388	57800	60560	53232	51150	53489	52551	55344	57370	57300	57194	Vol_204=53756					44668	42964	45409	45633	53556	72426	53756	47064	47063	69179	56643	74248	70247	45695	53905	54927		55055	45633	55546		56653	55342	53828	69336	46306	69399
205	41975		41840	41950	42060	41720	41830	41945	42055	41720		41945		41970	48110	47380	48205	47725	48040	47315	73495	73615	47385	97810		32210		9750	9645		26700		52775	52050	35550	35655	73675	42070	40115	51740	41290	100455	52600	100425	63635	37245	57149	54711	62498	55210	53180	107720	52119	55362	57097	48681	49130	48453	54644	54299	51734	52 355	51 134	52435	48001	53208	55192	67911	52993	53817	57140	56702	58131	60907	53527	51444	53797	52844	55659	57706	57634	57527	Vol_205=54051					44850	43168	45623	45849	53850	72818	54051	47287	47286	69559	56967	74673	70632	45911	54201	55229		55357	45849	55864		56978	55645	54123	69716	46526	69779
206	42110		42035	42150	42260	41915	42030	42140	42255	41915		42145		42165	48355	47630	48450	47975	48285	47565	73895	74015	47635	98360		32225		9815	9710		26715		53060	52335	35660	35770	74075	42250	40290	52020	41465	101015	52895	101015	63990	37365	57482	55003	62853	55510	53464	108344	52410	55663	57422	48935	49380	48701	54947	54593	52026	52 641	51427	52724	46021	53504	55497	68286	53289	54118	57471	57015	58462	61253	53821	51737	54104	53137	55974	58041	57967	57858	Vol_206=54345					45030	43371	45836	46063	54143	73212	54345	47509	47507	69937	57291	75096	71016	46125	54495	55529		55658	46063	56182		57302	55947	54418	70094	46743	70158
207	42365		42230	42345	42460	42110	42225	42340	42450	42110		42340		42360	48600	47880	48695	48225	48530	47805	74290	74415	47885	98905		32235		9875	9770		26730		53345	52625	35770	35885	74475	42430	40460	52320	41640	101570	53185	101605	64345	37480	57813	55268	63208	55810	53747	108967	52700	55964	57746	49188	49630	48948	55248	54887	52317	52 927	51720	53011	46239	53800	55801	68660	53583	54419	57803	57328	58792	61598	54114	52030	54410	53428	56288	58376	58299	58189	Vol_207=54639					45207	43573	46047	46276	54435	73608	54639	47728	47727	70313	57614	75519	71398	46337	54789	55828		55958	46276	56499		57625	56247	54711	70471	46960	70536
208	42560		42425	42540	42655	42305	42420	42535	42645	42300		42535		42555	48845	48125	48940	48465	48770	48055	74685	74810	48135	99455		32245		9940	9830		26740		53630	52910	35875	35999	74870	42605	40630	52605	41815	102125	53475	102195	64695	37590	58145	55534	63562	56108	54029	109589	52989	56263	58069	49440	49880	49194	55548	55179	52607	53 212	52011	53297	26455	54095	56104	69032	53877	54714	58133	57640	59121	61943	54406	52321	54715	53178	56600	58710	58631	58519	Vol_208=54931					45382	43773	46257	46487	54726	73997	54931	47946	47945	70689	57937	75941	71780	46548	55082	56127		56257	46487	56816		57948	56547	55004	70848	47174	70913
209	42755		42615	42735	42850	42495	42610	42730	42840	42490		42725		42745	49090	48370	49185	48715	49015	48305	75085	75205	48385	99995		32255		10000	9895		26755		53915	53200	35980	36095	75265	42780	40795	52895	41985	102680	53770	102780	65050	37700	58475	55798	63915	56406	54311	110209	53278	56561	58392	49691	50130	49439	55848	55471	52896	53 496	52 302	53583	46671	54389	56407	69404	54170	55013	58463	57950	59448	62287	54697	52612	55019	54007	56912	59043	58961	58849	Vol_209=55222					45554	43972	46465	46697	55016	74388	55222	48163	48161	71063	58259	76362	72160	46758	55374	56424		56555	46697	57131		58270	56847	55295	71223	47387	71289
210	42945		42810	42925	43045	42685	42800	42920	43035	42675		42915		42935	49330	48615	49425	48955	49255	48545	75475	75605	48630	100540		32270		10064	9955		26770		54200	53485	36080	36195	75660	42950	40960	53180	42150	103235	54060	103370	65400	37805	58805	56069	64267	56702	54592	110828	53565	56858	58714	49940	50370	49682	56146	55762	53184	53 780	52 591	53867	46884	54682	56708	69774	54463	55311	58792	58260	59777	62630	54987	52902	55322	54296	57223	59375	59292	59178	Vol_210=55512					45724	44170	46671	46905	55305	74780	55512	48377	48376	71436	58580	76782	72539	46965	55665	56721		56852	46905	57446		58591	57145	55586	71596	47598	71663
211	43135		43000	43115	43235	42870	42990	43110	43225	42860		43105		43125	49570	48860	49670	49205	49495	48785	75870	75995	48875	101080		32280		10125	10020		26780		54475	53770	36175	36295	76055	43120	41120	53465	42320	103785	54345	103955	65750	37905	59134	56344	64619	56998	54872	111446	53851	57154	59035	50188	50620	49924	56443	56052	53472	54 062	52 880	54150	47096	54974	57008	70144	54754	55603	59121	58569	60103	62972	55276	53191	55624	54584	57534	59707	59621	59506	Vol_211=55801					45891	44366	46875	47111	55594	75166	55801	48590	48589	71808	58900	77201	72916	47171	55955	57016		57149	47111	57760		58911	57442	55876	71969	47807	72036
212	43325		43185	43305	43425	43060	43180	43300	43415	43045		43295		43315	49810	49105	49910	49435	49735	49035	76260	76390	49120	101625		32290		10190	10080		26795		54760	54055	36265	36385	76445	43285	41280	53715	42480	104335	54635	104540	66095	38000	59462	56560	64969	57292	55151	112063	54137	57449	59355	50435	50860	50165	56740	56341	53758	54 344	53 168	54433	47306	55265	57308	70512	55044	55899	59449	58877	60428	63314	55565	53479	55926	54870	57843	60038	59949	59833	Vol_212=56089					46056	44560	47078	47316	55881	75554	56089	48801	48800	72179	59220	77619	73292	47375	56244	57311		57444	47316	58074		59231	57738	56164	72340	48015	72408
213	43510		43370	43495	43615	43245	43365	43485	43605	43230		43480		43500	50050	49345	50150	49685	49970	49275	76650	76780	49365	102160		32305		10250	10140		26810		55040	54335	36355	36475	76835	43450	41440	54030	42645	104880	54920	105125	66440	38095	59790	56863	65319	57585	55429	112678	54421	57743	59674	50680	51110	50405	57035	56629	54044	54 625	53 455	54714	47514	55555	57606	70879	55333	56194	59776	59184	60755	63654	55852	53766	56226	55156	58151	60368	60277	60159	Vol_213=56376					46218	44753	47279	47519	56167	75942	56376	49011	49009	72548	59538	78036	73667	47578	56532	57604		57738	47519	58386		59550	58033	56451	72710	48221	72778
214	43695		43555	43680	43800	43425	43550	43670	43790	43415		43665		43685	50285	49585	50620	49715	50205	49515	77040	77170	49640	102695		32315		10315	10200		26820		55315	54620	36425	36560	77225	43620	41595	54315	42800	105425	55205	105705	66790	38185	60117	57128	65668	57878	55706	113292	54704	58036	59993	50925	51350	50643	57330	56917	54329	54 905	53 741	54994	47721	55844	57903	71244	55621	56483	60102	59490	61079	63994	56138	54052	56525	55441	58459	60698	60604	60485	Vol_214=56662					46377	44944	47478	47719	56452	76324	56662	49218	49216	72916	59856	78452	74041	47778	56819	57896		58030	47719	58698		59868	58327	56738	73079	48425	73147
215	43875		43740	43865	43985	43610	43735	43855	43980	43595		43845		43870	50520	49825	50855	49925	50440	49755	77425	77560	49850	103230		32325		10380	10265		26835		55595	54900	36515	36645	77570	43780	41750	54595	42960	105970	55490	106290	67135	38265	60443	57392	66016	58169	55982	113904	54987	58328	60311	51167	51590	50880	57623	57203	54612	55 185	54 026	55274	47926	56132	58199	71608	55908	56776	60427	59795	61402	64333	56423	54337	56824	55724	58765	61026	60930	30810	Vol_215=56947					46533	45133	47675	47919	56736	76707	56947	49423	49422	73282	60173	78867	74413	47977	57104	58188		58322	47919	59009		60185	58620	57023	73446	48627	73515
216	44055		43920	44045	44170	43790	43915	44040	44165	43775		44030		44050	50755	50065	51090	50165	50675	49985	77815	77945	50090	103760		32335		10440	10330		26850		55875	55180	36585	36720	78000	43940	41900	54875	43115	106510	55775	106870	67475	38345	60768	57650	66363	58459	56258	114515	55268	58619	60628	51409	51830	51116	57915	57488	54895	55 463	54 309	55552	48129	56419	58494	71971	56195	57068	60752	60099	61725	64671	56706	54622	57121	56006	59070	61354	61255	61134	Vol_216=57231					46686	45321	47870	48116	57018	77091	57231	49627	49625	73647	60489	79281	74784	48173	57389	58477		58613	48116	59319		60501	58912	57307	73812	48827	73881
217	44235		44100	44225	44355	43965	44095	44220	44350	43950		44210		44230	50985	50300	51320	50405	50905	50225	78195	78330	50330	104290		32345		10505	10350		26860		56145	55460	36655	36790	78385	44090	42050	55155	43265	107050	56060	107450	67820	38420	61092	57866	66709	58748	56532	115124	55549	58908	60944	51649	52070	51350	58206	57773	55176	55 740	54 592	55829	48331	56705	58788	72333	56480	57355	61076	60402	62047	65008	56988	54905	87417	56288	59375	61681	61580	61457	Vol_217=57514					46836	45507	48064	48312	57300	77470	57514	49829	49827	74011	60805	79694	75153	48368	57672	58766		58902	48312	59628		60816	59203	57590	74176	49026	74246
218	44415		44280	44405	44535	44145	44275	44400	44530	44125		44390		44410	51215	50535	51550	50635	51135	50455	78580	78715	50580	104820		32360		10570	10450		26875		56420	55740	36720	36855	78765	44245	42195	55435	43415	107585	56340	108030	68160	38485	61416	58166	67054	59035	56806	115732	55828	59196	61259	51888	52300	51583	58496	58056	55457	56017	54 874	56105	48530	56990	59081	72693	56764	57644	61399	60703	62368	65344	57270	55187	57712	56569	59678	62007	61903	61780	Vol_218=57795					46983	45691	48255	48505	57580	77849	57795	50028	50027	74373	61119	80105	75521	48560	57955	59054		59191	48505	59937		61131	59493	57872	74539	49222	74610
219	44590		44455	44585	44715	44320	44450	44580	44710	44300		44565		44585	51445	50770	51780	50875	51365	50695	78960	79100	50805	105345		32370		10635	10515		26890		56695	56015	36775	36915	79150	44395	42340	55710	43565	108125	56620	108605	68500	38545	61738	58454	67398	59322	57078	116338	56106	59484	61573	52125	52540	51815	58785	58339	55836	56 293	55 154	56379	48728	57274	59373	73052	57046	57933	61721	61004	62687	65679	57550	55468	58006	56848	59981	62332	62226	62101	Vol_219=58075					47127	45874	48444	48696	57860	78228	58075	50226	50224	74734	61432	80515	75887	48751	58236	59340		59478	48696	60244		61444	59781	58153	74901	49416	74971
220	44765		44630	44760	44890	44490	44625	44755	44885	44470		44740		44760	51675	51000	52010	51105	51590	50925	79310	79480	51040	105875		32380		10700	10580		26900		56965	56290	36825	36970	79530	44545	42485	55990	43705	108655	56900	109185	68835	38600	62060	58703	67741	59607	57350	116943	56383	59769	61886	52361	52770	52045	59072	58621	56015	56 567	55 434	56653	48923	57557	59664	73409	57328	58217	62042	61304	63006	66013	57830	55747	58299	57126	60282	62657	62548	62422	Vol_220=58355					47268	46054	48632	48886	58138	78602	58355	50421	50420	75093	61745	80925	76252	48940	58516	59626		59764	48886	60551		61757	60068	58432	75261	49609	75332
221	44940		44800	44935	45065	44665	44800	44930	45060	44640		44910		44935	51900	51230	52235	51335	51815	51155	79720	79860	51275	106395		32395		10760	10640		26915		57240	56565	36865	37015	79905	44690	42620	56265	43870	109190	57180	109760	69175	38645	62381	58941	68083	59891	57621	117546	56659	60054	62199	52596	53000	52273	59359	58901	56292	56 841	55 712	56925	49117	57839	59953	73765	57609	58503	62363	61602	63324	66346	58108	56026	58590	57404	60582	62980	62869	62741	Vol_221=58632					47405	46233	48817	49073	58415	78977	58632	50615	50613	75451	62057	81333	76615	49126	58794	59909		60048	49073	60856		62068	60355	58711	75619	49799	75691
222	45110		44970	45105	45240	44835	44970	45105	45235	44810		45085		45105	52125	51460	52460	51565	52040	51385	80095	80240	51505	106915		32415		10825	10710		26930		57510	56840	36895	37050	80285	44830	42760	56535	43985	109720	57455	110335	69510	38680	62700	59210	68424	60174	57890	118147	56934	60337	62820	52828	53230	52500	59644	59180	56568	57 114	55 990	57197	49309	58119	60241	74120	57888	58788	62682	61900	63641	66678	58385	56304	58881	57679	60882	63303	63188	63060	Vol_222=58909					47538	46410	49000	49258	58690	79352	58909	50806	50804	75807	62367	81739	76977	49311	59072	60192		60332	49258	61161		62379	60640	58988	75976	49987	76048
223	45280		45140	45275	45415	45000	45140	45275	45410	44925		45255		45275	52350	51690	52680	51795	52260	51605	80475	80615	51740	107435		32415		10890	10770		26940		57775	57115		37075	80660	44970	42890	56810	44125	110245	57730	110905	69840	38700	63019	59460	68764	60455	58159	118747	57207	60620	63130	53060	53460	52726	59928	59459	56843	57 386	56 266	57466	49498	58398	60528	74473	58166	59068	63001	62196	63957	67009	58660	56580	59171	57954	61180	63625	63507	63378	Vol_223=59185					47668	46585	49181	49442	58964	79722	59185	50995	50993	76162	62677	82145	77337	49493	59348	60474		60614	49442	61465		62689	60924	59263	76332	50173	76404
224	45445		45305	45445	45585	45165	45305	45445	45580	45140		45420		45440	52570	51915	52900	52025	52480	51835	80815	80990	51970	107955		32425		10955	10835		26955		58045	57385			81035	45110	43020	57080	44255	110770	58005	111480	70175		63337	59702	69103	60736	58426	119345	57479	60900	63438	53290	53690	52950	60210	59736	57117	57 656	56 541	57735	49686	58676	60813	74825	58443	59351	63318	62491	64272	67339	58935	56856	59459	58228	61477	63945	63825	63695	Vol_224=59459					47795	46758	49359	49622	59238	80092	59459	51181	51180	76514	62986	82549	77695	49673	59623	60754		60894	49622	61767		62998	61206	59538	76686	50356	76758
225	45610		45470	45610	45750	45330	45470	45610	45745	45300		45585		45605	52790	52140	53120	52475	52700	52055	81220	81365	52195	108465		32450		11020	10895		26970		58315	57660			81405	45240	43150	57355	44385	111295	58280	112050	70505		63654	59944	69440	61014	58692	119941	57751	61180	63745	53518	53910	53172	60492	60012	57389	57 926	56 814	58003	49871	58953	61098	75174	58719	59632	63635	62785	64586	67668	59208	57130	59747	58500	61772	64265	64142	64011	Vol_225=59731					47917	46929	49535	49801	59509	80462	59731	51366	51364	76866	63293	82952	78052	49850	59896	61032		61174	49801	62069		63305	61487	59811	77038	50538	77110
226	45775		45635	45775	45915	45490	45635	45775	45915	45460		45750		45770	53010	52365	53340	52695	52920	52275	81590	81735	52125	108980		32450		11090	10960		26980		58575	57930			81775	45370	43274	57890	44510	111815	58555	112620	70835		63970	60200	69777	61292	58958	120535	58021	61458	64052	53744	54130	53393	60772	60288	57661	58 195	57 087	58269	50054	59229	61381	75523	58993	59908	63950	63077	64899	67996	59479	57403	60032	58771	62067	64584	64458	64326	Vol_226=60003					48035	47098	49709	49977	59780	80827	60003	51548	51547	77215	63600	83354	78407	50025	60169	61310		61452	49977	62370		63612	61767	60083	77388	50717	77461
227	45935		45795	45940	46080	45650	45795	45935	46080	45615		45910		45930	53225	52585	53560	52915	53135	52495	81955	82105	52650	109490		32460		11150	11025		26995		58840	58195			82145	45500	43395	58160	44635	112330	58825	113185	71165		64285	60435	70112	61568	59222	121128	58289	61735	64357	53969	54360	53612	61050	60562	57931	58 463	57 358	58533	50235	59503	61663	75870	59267	60187	64265	63369	65211	68322	59750	57674	60317	59041	62360	64901	64773	64640	Vol_227=60273					48149	47264	49881	50151	60049	81192	60273	51727	51726	77563	63905	83754	78760	50198	60439	61586		61729	50151	62669		63918	62046	60353	77737	50893	77810
228	46095		45955	46100	46240	45805	45950	46095	46240	45770		46065		46090	53440	52805	53775	53135	53350	52715	82325	82475	52875	109995		32470		11210	11090		27010		59105	58465			82510	45620	43515	58425	44755	112850	59095	113755	71490		64599	60680	70447	61843	59485	121718	58557	62010	64661	54193	54580	53830	61328	60834	58200	58 729	57 628	58797	50414	59776	61943	76215	59359	60464	64579	63659	65522	68648	60019	57945	60600	59310	62653	65218	65087	64953	Vol_228=60542					48259	47429	50050	50323	60316	81557	60542	51905	51903	77910	64210	84153	79112	50369	60709	61860		62004	50323	62968		64222	62323	60623	78084	51067	78157
229	46250		46110	46260	46400	45960	46110	46255	46400	45925		46220		46245	53655	53025	53985	53355	53565	52935	82690	82840	53095	110505		32485		11280	11155		27020		59365	58730			82875	45740	43630	58625	44870	113360	59365	114320	71815		64912	60917	70780	62116	59747	122307	58823	62284	64964	54414	54790	54046	61604	61106	58467	58 995	57 897	59059	50590	60048	62222	76558	59809	60737	64891	63948	65831	68972	60287	58211	60882	59577	62943	65534	65400	65264	Vol_229=60809					48364	47591	50217	50492	60583	81917	60809	52079	52078	78254	64513	84550	79461	50537	60977	62134		62278	50492	63266		64526	62599	60890	78430	51239	78502
230	46405		46265	46410	46560	46115	46265	46410	46560	46075		46375		46400	53870	53240	54200	53575	53775	53155	83000	83205	53315	111005				11340	11220		27035		59625	59000			83235	45855	43740	58690	44980	113875	59630	114880	72140		65224	61130	71112	62388	60007	122894	59087	62556	65266	54634	55010	54260	61878	61377	58734	59 259	58 164	59319	50764	60319	62500	76900	60078	61011	65203	64235	66140	69295	60553	58479	61163	59842	63233	65848	65711	65575	Vol_230=61075					48465	47751	50381	50658	60848	82277	61075	52251	52250	78597	64816	84946	79809	50702	61244	62405		62550	50658	63562		64828	62874	61157	78773	51408	78846
231	46555		46415	46565	46715	46265	46415	46565	46715	46225		46525		46550	54080	53455	54410	53795	53985	53365	83415	83570	53535	111510				11410	11285		27050		59885	59260			83595	45970	43850	58955	45090	114380	59895	115445	72460		65534	61420	71442	62658	60267	123479	59351	62827	65510	54852	55230	54472	62152	61646	58999	59 522	58 430	59579	50935	60588	62776	77240	60346	61285	65513	64521	66447	69617	60818	58745	61442	60108	63522	66162	66022	65885	Vol_231=61340					48560	47909	50543	50823	61111	82637	61340	52421	52420	78937	65117	85341	80155	50865	61509	62675		62821	50823	63857		65129	63147	61421	79115	51575	79188
232	46705		46565	46715	46870	46415	46565	46715	46865	46370		46675		46700	54290	53670	54615	54005	54190	53585	83775	83930	53755	112010				11475	11350		27060		60140	59525			83955	46075	43950	59220	45195	114890	60160	116005	72780		65844	61636	71772	62927	60525	124062	59613	63097	65567	55068	55440	54683	62423	61914	59262	59 784	58 695	59836	51104	60855	63051	77578	60613	61553	65823	64806	66753	69938	61082	59011	61720	60370	63809	66474	66331	66193	Vol_232=61603					48650	48064	50702	50984	61373	82991	61603	52587	52586	79276	65417	85734	80500	51025	61773	62944		63091	50984	64152		65429	63419	61685	79455	51739	79528
233	46855		46715	46865	47020	46560	46710	46865	47015	46515		46825		46850	54500	53885	54820	54215	54395	53795	84135	84290	53970	112505				11540	11420		27075		60395	59785			84315	46180	44050	59480	45295	115390	60425	116565	73100		66152	61864	72100	63195	60782	124642	59873	63364	65866	55283	55650	54891	62693	62181	59525	60 045	58 958	60093	51270	61122	63324	77915	60878	61824	66131	65089	67058	70258	61344	59274	61997	60632	64094	66786	66639	66500	Vol_233=61864					48734	48217	50858	51143	61633	83346	61864	52751	52750	79614	65716	86126	80842	51183	62035	63211		63358	51143	64445		65728	63689	61947	79794	51900	79866
234	47000		46860	47010	47170	46700	46855	47015	47165	46655		46970		46995	54705	54095	55025	54255	54600	54005	84490	84645	54185	112995				11605	11480		27090		60650	60045			84670	46280	44150	59740	45390	115895	60685	117125	73420		66460	62091	72427	63460	61038	125221	60133	63631	66164	55496	55860	55098	62962	62446	59786	60 305	59 220	60348	51434	61387	63596	78250	61141	62094	66438	65371	67362	70576	61605	59537	62272	60892	64379	67096	66946	66806	Vol_234=62124					48812	48368	51012	51299	61892	83700	62124	52913	52912	79949	66013	86516	81182	51338	62296	63477		63625	51299	64736		66026	63958	62207	80130	52059	80202
235	47140		47000	47155	47315	46840	47000	47160	47310	46790		47110		47135	54905	54305	55230	54425	54805	54205	84845	85000	54395	113490				11670	11550		27100		60905	60305			85020	46375	44240	60000	45485	116390	60945	117680	73735		66766	62319	72752	63725	61293	125798	60390	63896	66462	55706	56070	55303	63229	62711	60045	60 563	59 480	60601	51595	61650	63866	78583	61404	62357	66744	65652	67664	70893	61864	59798	62545	61151	64662	67405	67252	67112	Vol_235=62383					48883	48515	51162	51456	62150	84049	62383	53071	53070	80282	66310	86904	81521	51490	62555	63741		63890	51456	65027		66322	64225	62466	80464	52214	80536
236	47280		47140	47300	47455	46980	47140	47300	47455	46925		47250		47275	55105	54515	55430	54635	55005	54415	85195	85355	54610	113980					11610		27115		61155	60560			85375	46465	44325	60255	45570	116885	61205	118235	74045		67071	62560	73077	63987	61546	126372	60647	64159	66758	55915	56270	55506	63495	62974	60303	60 821	59 739	60853	51754	61912	64135	78914	61664	62588	67049	65931	67966	71208	62121	60058	62817	61409	64943	67713	67557	67416	Vol_236=62639					48946	48660	51310	51603	62406	84398	62639	53226	53225	80613	66605	87291	81857	51639	62812	64004		64153	51603	65317		66618	64491	62723	80797	52367	80869
237	47415		47275	47440	47595	47115	47275	47440	47595	47060		47385		47415	55305	54720	55630	54835	55205	54615	85545	85705	54815	114465					11675		27130		61405	60815			85720	46550	44410	60515	45650	117380	61465	118790	74360		67375	62676	73400	64248	61798	126945	60902	64420	67052	56122	56480	55707	63759	63235	60560	61 077	59 997	61103	51909	62173	64402	79243	61923	62889	67535	66209	68266	71523	62377	60316	63088	61664	65224	68019	67861	67719	Vol_237=62895					49002	48803	51455	51750	62660	84747	62895	53378	53377	80942	66899	87677	82191	51785	63068	64264		64414	51750	65605		66912	64755	62979	81127	52517	81199
238	47550		47410	47575	47735	47250	47410	47575	47735	47190		47520		47550	55505	54920	55825	55045	55400	54825	85895	86055	55025	114950					11745		27140		61655	61070			86070	46630	44485	60770	45725	117860	61720	119340	74670		67677	63004	73721	64508	62048	127515	61155	64680	67346	56327	56680	55906	64022	63495	60815	61 331	60 253	61351	52062	62432	64668	79570	62181	63149	67655	66485	68564	71836	62631	60572	63356	61918	65502	68325	68162	68020	Vol_238=63148					49047	48942	51597	51895	62912	85089	63148	53528	53527	81270	67192	88061	82524	51927	63323	64524		64674	51895	65892		67204	65018	63233	81455	52664	81527
239	47685		47540	47710	47870	47380	47545	47710	47870	47315		47650		47680	55700	55120	56020	55245	55595	55025	86240	86405	55230	115430					11811		27155		61895	61325			86415	46700	44555	61020	45795	118360	61975	119890	74975		67978	63225	74041	64766	62298	128083	61407	64938	67638	56529	56880	56104	64283	63755	61069	61 585	60 507	61598	52211	62689	64932	79895	62437	63411	67956	66760	68862	72147	62883	60827	63624	62171	65780	68629	68464	68320	Vol_239=63400					49080	49079	51735	52036	63163	85432	63400	53673	53673	81595	67483	88443	82854	52067	63576	64781		64933	52036	66178		67496	65279	63485	81782	52807	81853
240	47815		47670	47840	48605	47505	47675	47840	48005	47440		47780		47810	55895	55320	56215	55445	55785	55225	86585	86750	55435	115910					11879		27170		62145	61575			86755	46770	44625	61275	45860	118840	62225	120439	75285		68278	63460	74360	65022	62545	128648	61657	65195	67928	56730	57070	56298	64542	64012	61321	61 837	60 760	61844	52358	62945	65195	80219	62691	63670	68256	67033	69158	72457	63134	61081	63891	62422	66055	68932	68763	68619	Vol_240=63651					49080	49213	51871	52174	63413	85775	63651	53816	53815	81918	67773	88823	83182	52204	63827	65037		65189	52174	66462		67786	65538	63736	82106	52947	82177
241	47940		47795	47965	48135	47630	47800	47970	48135	47560		47905		47935	56085	55520	56405	55645	55975	55415	86925	87095	55635	116385					11947				62385	61825			87095	46830	44680	61525	45915	119325	62480	120985	75590		68577	63670	74677	65276	62792	129212	61905	65450	68218	56929	57270	56491	64799	64268	61571	62 088	61012	62087	52502	63199	65455	80540	62944	63925	68555	67304	69452	72766	63384	61333	64155	62672	66330	69234	69061	68917	Vol_241=63899						49344	52003	52309	63660	86111	63899	53955	53955	82239	68062	89202	83507	52337	64076	65291		65444	52309	66745		68075	65796	63985	82428	53084	82499
242	48060		47920	48090	48260	47750	47925	48095	48265	47680		48030		48060	56275	55715	56595	55845	56165	55615	87265	87435	55835	116855					12015				62625	62075			87435	46880	44735	61775	45955	119805	62725	121530	75890		68874	63884	74993	65529	63037	129772	62152	65703	68506	57125	57460	56682	65055	64522	61820	62 337	61261	62329	52642	63452	65714	80859	63196	64182	68852	67574	69746	73074	63632	61583	64418	62920	66602	69535	69358	69213	Vol_242=64146						49471	52132	52441	63906	86447	64146	54091	54090	82557	68349	89579	83831	52467	64324	65543		65697	52441	67027		68362	66052	64232	82748	53218	82818
243	48180		48040	48215	48385	47870	48045	48215	48390	47795		48150		48180	56460	55910	56780	56035	56350	55805	87600	87770	56030	117325					12087				62865	62325			87770	46920	44775	62020	45960	120280	62975	122075	76190		69170	64099	75307	65779	63280	130331	62398	65954	68793	57320	57650	56870	65309	64776	62068	62 585	61 509	62570	52779	63703	65971	81176	63445	64437	69148	67842	70038	73379	63878	61831	64678	63166	66873	69833	69654	69508	Vol_243=64392						49595	52257	52568	64150	86785	64392	54223	54222	82874	68635	89954	84152	52593	64569	65794		65948	52568	67308		68649	66306	64477	83066	53347	83135
244	48300		48155	48335	48510	47985	48160	48335	48510	47910		48270		48300	56645	56100	56965	56225	56535	55995	87935	83110	56225	117795					12155				63105	62570			88100	46950	44805	62265	46015	120750	63220	122615	76490		69465	64325	75620	66028	63552	130887	62641	66203	69078	57512	57840	57057	65562	65027	62313	62 832	61756	62808	52912	63952	66227	81491	63693	54688	69443	68109	70328	73684	64121	62079	64938	63412	67143	70131	69948	69802	Vol_244=64635						49716	52379	52693	64392	87113	64635	54351	54351	83188	68920	90328	84471	52716	64813	66042		66198	52693	67587		68933	66559	64721	83381	53474	83451
245	48415		48270	48450	48630	48095	48275	48455	48630	48020		48385		48415	56830	56290	57145	56425	56715	56185	88270	88445	56420	118260					12223				63340	62815			88435	46955	44815	62510		121220	63465	123155	76785		69758	64560	75931	66275	63763	131441	62883	66451	69362	57701	58030	57241	65812	65278	62557	63 077	62 001	63045	53042	64200	66481	81804	63939	54939	69737	68374	70617	73987	64362	62324	65196	63654	67411	70427	70241	70094	Vol_245=64876						49833	52496	52813	64633	87442	64876	54476	54475	83500	69203	90699	84788	52835	65056	66289		66445	52813	67865		69217	66810	64963	83695	53596	83763
246	48525		48380	48565	48745	48205	48385	48570	48745	48125		48495		48525	56910	56475	57325	56615	56895	56365	88600	88775	56610	118730					12295				63570	63055			88760			62755		121685	63710	123695	77080		70050	64739	76241	66521	64002	131992	63124	66697	69644	57889	58210	57422	66061	65526	62800	63 321	62 244	63280	53169	64446	66733	82114	64183	65188	70029	68637	70905	74288	64605	62569	65452	63895	67677	70722	70532	70385	Vol_246=65116						49947	52610	52930	64871	87775	65116	54596	54596	83810	69485	91069	85102	52950	65296	66534		66691	52930	68141		69498	67059	65203	84006	53714	84074
247	48630		48490	48675	48855	48310	48495	48680	48860	48225		48600		48635	57190	56660	57505	56795	57070	56555	88925	89105	56800	119175					12364				63810	63300			89085			62995		122150	63950	124230	77375		70341	64930	76549	66764	64239	132540	63362	66940	69925	58074	58390	57601	66308	65773	63040	63 563	62 485	63513	53291	64690	66983	82422	64426	65434	70319	68899	71191	74588	64843	62811	65707	64135	67942	71015	70822	70674	Vol_247=65354						50057	52720	53012	65108	88094	65354	54713	54712	84117	69766	91437	85414	53061	65535	66777		66935	53012	68416		69779	67306	65441	84314	53829	84382
248	48735		48595	48780	48965	48410	48600	48785	48970	48325		48705		48740	57365	56845	57850	56985	57245	56735	89255	89430	56985	119630					12432				64040	63535			89410			63235		122610	64190	124765	77665		70630	65133	76855	67005	64475	133086	63599	67182	70205	58256	58570	57778	66553	66019	63279	63 804	62 725	63744	53410	64932	67232	82728	64667	65680	70609	69158	71475	74886	65080	63051	65959	64373	68205	71307	71111	70962	Vol_248=65590						50163	52826	53151	65343	88417	65590	54825	54824	84422	70044	91803	85724	53167	65771	67018		67176	53151	68689		70058	67551	65677	84620	53939	84687
249	48835		48695	48880	49070	48510	48700	48890	49075	48420		48805		48845	57540	56925	57860	57165	57415	56915	89575	89755	57170	120080					12500				64270	63775			89730			63475		123065	64430	125300	77950		70917	65330	77160	67245	64710	133629	63834	67422	70483	58437	58750	57952	66796	66262	63516	64 043	62 962	63973	53525	65173	67478	83032	64906	65924	70896	69416	71758	75183	65317	63290	66210	64608	68466	71598	71398	71249	Vol_249=65824						50265	52927	53255	65576	88744	65824	54932	54932	84724	70322	92167	86031	53270	66006	67257		67416	53255	68961		70335	67794	65912	84924	54044	84990
250	48930		48790	48980	49170	48605	48795	48990	49175	48510		48900		48945	57705	57205	58020	57345	57585	57085	89895	90075	57355	120530					12568				64500	64010			90050			63710		123520	64665	125830	78240		71203	65560	77463	67482	64942	134169	64067	67660	70759	58614	58920	58124	67037	66505	63752	64 281	63198	64201	53635	65411	67722	83333	65143	66163	71183	69673	72040	75478	65549	63527	66459	64842	68725	71887	71683	71534	Vol_250=66056						50362	53024	53354	65807	89054	66056	55035	55034	85024	70598	92529	86335	53367	66238	67494		67654	53354	69232		70611	68035	66144	85225	54145	85291
251	49025		48880	49075	49270	48695	48890	49085	49275	48595		48990		49040	57875	57380	58185	57525	57755	57265	90215	90395	57535	120975					12633				64725	64245			90365			63945		123970	64900	126355	78520		71488	65736	77765	67717	65173	134707	64298	67895	71034	58789	59090	58293	67276	66745	63985	64 517	63 432	64426	53741	65648	67964	83632	65378	66403	71468	69927	72320	75771	65780	63761	66706	65074	69983	72175	71967	71817	Vol_251=66286						50455	53116	53448	66035	89369	66286	55132	55132	85321	70872	92890	86637	53460	66469	67729		67890	53448	69501		70885	68275	66374	85524	54241	85589
252	49115		48970	49170	49365	48780	48980	49175	49370	48680		49080		49135	58040	57555	58350	57695	57920	57425	90530	90715	57710	121415					12703				64950	64480			90680			64175		124415	65130	126885	78805		71771	65938	78065	67951	65402	135242	64527	68129	71307	58962	59260	58459	67513	66984	64217	64 752	63 665	64650	53842	65883	68205	83929	65611	66642	71751	70178	72598	76063	66009	63994	66951	65304	69239	72461	72249	72099	Vol_252=66514						50543	53203	53538	66262	89693	66514	55225	55224	85616	71145	93248	86936	53548	66698	67962		68123	53538	69768		71158	68512	66603	85820	54332	85885
253	49200		49055	49255	49455	48865	49065	49265	49460	48755		49165		49225	58205	57720	58510	57865	58080	57605	90845	91025	57885	121855					12773				65170	64710			90990			64400		124855	65360	127405	79080		72052	66126	78363	68182	65630	135774	64755	68360	71579	59132	59420	58623	67748	67221	64446	64 984	63 895	64871	53938	66116	68443	84223	65842	66876	72033	70430	72875	76353	66236	64226	67494	65531	69493	72745	72530	72380	Vol_253=66740						50625	53285	53622	66487	89991	66740	55311	55311	85908	71416	93604	87233	53630	66924	68193		68355	53622	70034		71429	68747	66829	86114	54417	86177
254	49275		49135	49340	49540	48940	49145	49350	49545	48830		49245		49310	58365	57890	58670	58035	58235	57775	91150	91340	58055	122285					12840				65385	64940			91295			64635		125295	65590	127930	79360		72332	66316	78659	68411	65855	136304	64980	68590	71849	59299	59590	58784	67981	67456	64674	65 216	64 123	65090	54030	66347	68679	84514	66072	67112	72313	70678	73150	76641	66461	64455	67435	65757	69745	73028	72810	72659	Vol_254=66964						50703	53361	53700	66710	90298	66964	55392	55392	86197	71685	93958	87527	53707	67149	68421		68584	53700	70298		71699	68981	67053	86405	54497	86467
255	49350		49210	49415	49620	49010	49220	49425	49630	48895		49320		49390	58520	58055	58825	58205	58390	57935	91455	91645	58225	122720					12910				65605	65165			91600			64845		125730	65815	128450	79635		72610	66490	78953	68638	66079	136830	65204	68817	72117	59463	59740	58942	68212	67689	64900	65 445	64 349	65307	54115	66576	68914	84803	66299	67344	72591	70925	73423	76928	66683	64682	67674	65982	69995	73310	73087	72936	Vol_255=67185						50774	53430	53772	66930	90610	67185	55466	55466	86484	71953	94310	87818	53777	67371	68648		68811	53772	70560		71967	69212	67275	86693	54570	86755
256	49420		49280	49490	49700	49075	49290	49500	49710	48955		49390		49465	58675	58220	58980	58365	58545	58095	91760	91955	58395	123145					12980				65820	65390			91905			65090		126160	66040	128970	79905		72887	66680	79246	68862	66301	137353	65425	69042	72384	59624	59900	59097	68441	67921	65124	65 673	64 574	65522	54195	66803	69146	85089	66524	67572	72869	71169	73685	77212	66904	64907	67911	66204	70243	73590	73363	73212	Vol_256=67405						50838	53493	53837	67149	90904	67405	55533	55533	86768	72219	94659	88106	53841	67591	68872		69036	53837	70821		72233	69441	67495	86979	54636	87039
257	49485		49340	49555	49770	49135	49355	49570	49780	49005		49450		49535	58825	58380	59130	58525	58695	58255	92065	92255	58555	123570					13050				66035	65615			92200			65310		126590	66260	129485	80175		73162	66854	79537	69085	66521	137874	65644	69265	72649	59783	60050	59249	68667	68150	65346	65 899	64 796	65735	54268	67028	69376	85373	66747	67800	73144	71412	73964	77495	67122	65131	68146	66424	70490	73868	73637	73486	Vol_257=67622						50895	53548	53894	67365	91203	67622	55593	55592	87049	72483	95007	88391	53896	67809	69094		69259	53894	71081		72497	69667	67712	87261	54694	87321
258	49540		49395	49615	49835	49185	49410	49630	49845	49045		49505		49600	58975	58535	59275	58685	58840	58405	92360	92555	58715	123990					13120				66245	65835			92495			65535		127010	66480	130000	80440		73435	67007	79826	69305	66739	138391	65861	69485	72912	59938	60200	59398	68892	68378	65566	66 123	65 016	65946	54335	67250	69604	85654	66968	68026	73418	71652	74233	77776	67338	65351	68378	66641	70734	74144	73910	73758	Vol_258=67837						50943	53595	53941	67579	91509	67837	55642	55642	87327	72746	95352	88674	53943	68024	69313		69480	53941	71338		72760	69892	67927	87541	54743	87600
259	49585		49440	49670	49895	49225	49455	49685	49905	49065		49550		49655	59120	58690	59420	58845	58985	58565	92655	92855	58875	124405					13190				66455	66055			92790			65755		127430	66700	130510	80705		73707	67210	80113	69522	66956	138905	66076	69703	73174	60090	60350	59544	69114	68604	65783	66 345	65 234	66154	54393	67471	69829	85932	67187	68248	73690	71891	74499	78055	67550	65571	68610	66857	70976	74419	74180	74028	Vol_259=68049						50980	53631	53979	67790	91792	68049	55681	55681	87603	73007	95695	88953	53979	68238	69531		69698	53979	71594		73021	70114	68140	87818	54780	87876
260	49615		49475	49710	49945	49245	49490	49725	49955	49085		49580		49700	59260	58840	59560	58995	59125	58715	92945	93145	59030	124815					13260				66660	66270			93080			65970		127845	66915	131020	80970		73977	67368	80398	69738	67170	139416	66289	69919	73434	60239	60500	59686	69334	68828	65999	66 565	65 450	66360	54442	67689	70052	86207	67403	68470	73960	72127	74763	78333	67762	65787	68838	67071	71216	74692	74449	74297	Vol_260=68260						51000	53650	54000	67999	92082	68260	55702	55702	87875	73266	96036	89230	53999	68448	69746		69913	54000	71848		73280	70334	68351	88092	54801	88149
261	49635		49490	49735	49980	49260	49505	49755	49995	49100		49595		49730	59400	58990	59695	59145	59260	58855	93235	93435	59185	125225					13335				66865	66485			93365			66185		128260	67130	131525	81225		74245	67537	80681	69951	67382	139924	66500	70132	73692	60385	60640	59825	69551	69049	66212	66 784	65 663	66564	54480	67905	70273	86479	67618	68689	74229	72361	75026	78608	67971	66002	69064	67282	71455	74963	74716	74564	Vol_261=68468									68206	92383	68468	92082		88144	73524	96374	89503	89503	68657	69958		70126		72100		73538	70551	68559	88363		88419
262	49650		49505	49755	50000	49280	49525	49770	50020	49120		49615		49765	59535	59135	59830	59295	59395	59005	93525	93725	59330	125630									67070	66700			93650			66400		128665	67340	132030	81485		74511	67695	80962	70161	67592	140429	66708	70342	73948	60528	60770	59961	69766	69269	66425	67 001	65 874	66765		68119	70491	86749	67830	68904	74496	72593	75287	78881	68178	66215	69289	67491	71691	75233	74982	74830	Vol_262=68673									68411	92652	68673	92383		88411	73779	96710	89774	89774	68863	70168		70337		72351		73793	70766	68765	88631		88686
263	49670		49525	49770	50020	49295	49540	49790	50035	49135		49630		49800	59670	59275	59960	59435	59525	59145	93805	94010	59475	126025									67265	66910			93930			66610		129070	67550	132530	81740		74776	67828	81241	70369	67800	140930	66914	70550	74202	60667	60910	60093	69979	69487	66632	67215	66 083	66964		68330	70707	87015	68039	69118	74761	72822	75546	79153	68382	66425	69510	67698	71924	75500	75245	75093	Vol_263=68876									68612	92933	68876	92652		88674	74033	97044	90041	90041	69067	70375		70545		72599		74047	70979	68968	88896		88949
264	49685		49540	49790	50035	49315	49560	49805	50050	49155		49650		49835	59795	59415	60085	59575	59650	59275	94085	94290	59620	126425									67465	67115			94205			66815		129465	67755	133030	81990		75038	68040	81518	70574	68006	141428	67118	70756	74454	60803	61030	60221	70189	69702	66839	67 428	66 290	67161		68539	70920	87279	68247	69331	75024	73050	75802	79422	68584	66633	69730	67902	72156	75766	75507	75355	Vol_264=69077									68812	93228	69077	92933		88933	74285	97375	90304	90304	69268	70580		70751		72846		74299	71189	69169	89157		89210
265	49705		49560	49805	50055	49330	49575	49825	50070	49170		49665		49870	59920	59550	60205	59715	59770	59415	94360	94570	59755	126815									67660	67325			94480			67020		129860	67960	133530	82235		75299	68181	81793	70777	68210	141923	67319	70959	74704	60935	61160	60346	70396	69915	67043	67 638	66 494	67355		68746	71131	87539	68451	69538	75285	73274	76057	79689	68783	66838	69947	68104	72385	76030	75766	75615	Vol_265=69274									69009	93484	69274	93228		89190	74534	97704	90565	90565	69466	70782		70954		73091		74549	71396	69367	89415		89467
266	49720		49575	49825	50070	49350	49595	49840	50090	49190		49685		49905	60040	59685	60325	59845	59890	59545	94635	94845	59890	127200									67850	67530			94750			67225		130250	68160	134025	82480		75558	68315	82066	70977	68411	142414	67518	71159	74953	61063	61280	60466	70601	70126	67245	67 846	66 696	67546		68950	71340	87797	68654	69746	75545	73497	76310	79955	68980	67041	70160	68303	72612	76292	76024	75872	Vol_266=69470									69203	93755	69470	93484		89443	74782	98030	90822	90822	69662	70982		71154		73334		74797	71601	69563	89670		89721
267	49740		49595	49840	50090	49365	49610	49860	50105	49205		49700		49940	60155	59810	60440	59975	60005	59665	94900	95115	60025	127585									68045	67730			95015			67430		130635	68360	134515	82725		75815	68462	82336	71175	68610	142901	67715	71357	75199	61187	61400	60583	70804	70335	67455	68 052	66 896	67735		69152	71546	88051	68854	69951	75802	73717	76561	80218	69174	67242	70372	68500	72837	76553	76280	76128	Vol_267=69662									69394	94042	69662	93755		89693	75028	98353	91076	91076	69855	71179		71352		73575		75042	71803	69755	89922		89971
268	49755		49615	49860	50105	49385	49630	49880	50125	49225		49720		49975	60265	59935	60550	60105	60115	59785	95165	95330	60150	127960									68290	67930			95280			67630		131015	68560	135005	82965		76070	68584	82605	71369	68807	143385	67909	71552	75444	61307	61510	60695	71003	70541	67642	68 256	67 093	67921		69351	71748	88301	69051	70151	76058	73935	76810	80479	69365	67440	70582	68693	73059	76811	76534	76382	Vol_268=69852									69583	94286	69852	94042		89940	75272	98674	91326	91326	70046	71373		71547		73814		75286	72003	69946	90170		90218
269	49775		49630	49880	50125	49400	49650	49895	50140	49245		49740		50010	60375	60055	60655	60225	60220	59905	95425	95645	60275	128335									68415	68125			95535			67825		131390	68755	135490	83200		76323	68711	82871	71561	69002	143865	68100	71743	75686	61423	61620	60803	71200	70745	67836	68 458	67 287	68104		69548	71949	88549	69246	70350	76312	74150	77057	80737	69554	67636	70789	68885	73279	77067	76786	76634	Vol_269=70039									69769	94546	70039	94286		90182	75514	98993	91572	91572	70233	71564		71739		74051		75528	72199	70133	90415		90461
270	49790		49650	49895	50140	49420	49665	49915	50160	49260		49755		50050	60480	60170	60755	60345	60320	60025	95685	95905	60395	128700									68595	68320			95795			68020		131760	68945	135975	83660		76574	68868	83135	71750	69193	144342	68289	71932	75926	61535	61720	60905	71395	70946	68028	68 658	67 478	68285		69742	72146	88793	69438	70548	76563	74362	77302	80994	69739	67829	70993	69074	73496	77321	77035	76884	Vol_270=70224									69952	94823	70224	94546		90422	75754	99308	91815	91815	70418	71752		71928		74286		75768	72393	70317	90656		90701
271	49810		49665	49915	50160	49435	49685	49930	50175	49280		49775		50085	60575	60280	60850	60455	60415	60135	95910	96160	60505	129065									68775	68510			96045			68210		132125	69135	136460	83890		76823	68969	83397	71936	69383	144815	68475	72118	76164	61642	61820	61003	71586	71145	68217	68 855	67 668	68463		69933	72341	89033	69627	70739	76813	74572	77544	81248	69922	68020	71195	69261	73711	77573	77283	77132	Vol_271=70405									70133	95054	70405	94823		90657	75991	99621	92054	92054	70600	71937		72114		74519		76006	72584	70499	90893		90937
272	49825		49685	49930	50180	49455	49700	49950	50195	49295		49790		50120	60670	60390	60940	60565	60505	60235	96190	96415	60615	129425									68950	68700			96290			68400		132485	69320	136940	84110		77069	69120	83656	72119	69570	145284	68658	72301	76400	61744	61910	61096	71774	71341	68404	69 049	67 854	68637		70122	72533	89270	69814	70931	77061	74780	77784	81500	70102	68208	71395	69444	73924	77824	77529	77378	Vol_272=70583									70310	95303	70583	95054		90889	76227	99931	92290	92290	70779	72119		72297		74750		76241	72772	70678	91127		91169
273	49845		49700	49950	10195	49470	49720	49965	50210	49315		49810		50155	60755	60495	61025	60675	60590	60335	96435	96660	60720	129775									69125	68885			96535			68585		132840	69505	137415	84330		77314	69240	83913	72299	69754	145749	68839	72481	76634	61842	62000	61183	71960	71535	68588	69 242	68 037	68809		70307	72721	89504	69997	71120	77306	74984	78023	81750	70278	68394	71591	69625	74133	78072	77772	77621	Vol_273=70759									70484	95570	70759	95303		91117	76460	100239	92521	92521	70955	72299		72477		74978		76474	72957	70853	91356		91397
274	49865		49720	49965	50215	49490	49735	49985	50230	49330		49825		50190	60835	60590	61105	60775	60670	60425	96675	96905	60820	130125									69295	69070			96770			68770		133190	69685	137885	84545		77557	69340	84167	72475	69935	146210	69017	72658	76865	61934	62080	61264	72142	71726	68769	69 431	68 218	68978		70490	72907	89733	70178	71303	77550	75186	78258	81997	70452	68576	71784	69803	74340	78317	78013	77863	Vol_274=70931									70656	95789	70931	95570		91341	76691	100543	92748	92748	71127	72475		72653		75205		76706	73138	71026	91582		91622
275	49880		49735	49985	50230	49510	49755	50000	50245	49350		49845		50225	60910	60685	61175	60865	60740	60525	96915	97145	60915	130465									69460	69250			97005			68950		133535	69860	138360	84760		77797	69390	84419	72649	70114	146667	69191	72832	77095	62020	62160	61338	72321	71914	68948	69 619	68 396	69144		70670	73090	89959	70356	71485	77791	75385	78492	82242	70623	68754	71974	69977	74545	78561	78252	78102	Vol_275=71100									70824	96025	71100	95789		91561	76920	100845	92971	92971	71297	72647		72827		75429		76934	73317	71195	91804		91842
276	49900		49755	50000	20250	49525	49770	50020	50265	49365		49860		50260	60980	60770	61240	60955	60805	60605	97145	97380	61000	130805									69625	69430			97235			69130		133870	70035	138825	84970		78035	69560	84669	72819	70290	147121	69363	73002	77322	62100	62230	61406	72498	72100	69123	69 803	68 570	69306		70847	73269	90181	70531	71665	78030	75581	78723	82485	70790	68931	72162	70149	74746	78802	78488	78339	Vol_276=71266									70988	96280	71266	96025		91776	77146	101143	93190	93190	71463	72817		72997		75651		77161	73492	71361	92021		92058
277	49915		49770	50020	50265	49545	49790	50035	50280	49385		49880		50295	61040	60850	61295	61045	60860	60685	97375	97610	61085	131135									69790	69605			97460			69305		134205	70210	139290	85175		78271	69665	84916	72986	70463	147570	69532	73168	77546	62174	62290	61465	72671	72282	69296	69 985	68 742	69466		71021	73446	90399	70703	71840	78267	75774	78952	82725	70954	69105	72345	70317	74945	79042	78723	78573	Vol_277=71429									71150	96485	71429	96280		91988	77370	101439	93405	93405	71626	72983		73164		75871		77385	73664	71524	92235		92270
278	49935		49790	50035	50285	49560	49805	50055	50300	49400		49895		50300	61090	60925	61340	61125	60905	60755	97600	97835	61155	131460									69945	69775			97685			69475		134530	70375	139750	85375		78504	69739	85160	73149	70634	148014	69698	73332	77769	62241	62340	61515	72840	72462	69465	70 164	68911	69621		71191	73619	90613	70871	72012	78501	75964	79178	82862	71115	69277	72526	70483	75141	79278	78955	78806	Vol_278=71588									71308	96708	71588	96485		92195	77592	101731	93615	93615	71786	73145		73327		76088		77607	73832	71683	92443		92477
279	49950		49805	50055	50300	49580	49825	50075	50320	49420		49915		50365	61125	60995	61370	61195	60935	60825	97820	98060	61225	131780									70100	69945			97895			69645		134850	70540	140210	85570		78735	69825	85402	73309	70801	148455	69860	73491	77988	62299	62380	61554	73006	72638	69632	70 341	69 076	69774		71359	73788	90823	71037	72183	78733	76151	79402	83197	71272	69444	72705	70645	75334	79513	79185	79036	Vol_279=71743									71463	96950	71743	96708		92398	77812	102021	93821	93821	71942	73304		73487		76303		77827	73997	71839	92648		92680
280	49970		49825	50070	50320	49595	49840	50090	50335	45435		49930		50400	61150	61055	61385	61255	60945	60875	98035	98275	61280	132095									70250	70110			98100			69810		135165	70705	140665	85765		78964	69903	85641	73465	70965	148891	70020	73647	78206	62349		61575	73169	72812	69955	70 514	69 238	69923		71523	73954	91028	71199	72347	78963	76335	79624	83429	71425	69608	72880	70803	75524	79745	79412	79264	Vol_280=71895									71614	97141	71895	96950		92596	78029	102307	94022	94022	72095	73460		73643		76516		78043	74158	71992	92848		92879
281	49985		49845	50090	50335	49615	49860	50110	50355	49455		49950		50435	61155	61105	61385	61315	60945	60925	98240	98485	61325	132400									70400	70270			98315			69970		135475	70865	141120	85955		79191	69981	85878	73617	71126	149322	70176	73800	78421	62387			73328	72982	69975	70 685	69 397	70068		71683	74116	91229	71357	72511	79131	76516	79842	83659	71576	69768	73051	70958	75711	79975	79636	79489	Vol_281=72044									71761	97350	72044	97141		92789	78243	102590	94218	94218	72243	73611		73795		76726		78258	74315	72140	93043		93072
282	50005		49860	50110	50355	49630	49880	50125	50370	49475		49970		50470	61155	61140	61390	61355	60950	60955	98445	98695	61360	132705									70545	70430			98515			70130		135775	71020	141570	86140		79415	70040	86111	73766	71283	149750	70328	73948	78633	62408			73484	73150	70111	70 852	69 552	70210		71840	74275	91425	71513	72672	79416	76694	80059	83886	71722	69926	73218	71110	75895	80202	79858	79712	Vol_282=72188									71905	97577	72188	97350		92977	78455	102870	94409	94409	72388	73759		73944		76933		78470	74469	72285	93233		93261
283	50020		49880	50125	50375	49650	49895	50145	50390	49490		49985		50505	61160	61165	61390	61385	60950	90965	98645	98895	61385	132995									70685	70585			98710			70285		136070	71170	142015	86320		79636		86342	73911	71438	150172	70477	74092	78843				73635	73313	70265	71 017	69 704	70348		71994	74430	91617	71664	72825	79638	76868	80272	84110	71864	70079	73383	71258	76075	80427	80078	79932	Vol_283=72329									72044	97753	72329	97577		93161	78664	103146	94596	94596	72529	73902		74088		77138		78679	74618	72426	93418		93444
284	50040		49895	50145	50390	49665	49915	50160	50405	49510		50005		50540	61160	61170	61395	61395	60955	60965	98835	99090	61390	133285									70820	70740			98900			70435		136360	71320	142460	86430		79855		86570	74051	71589	150590	70622	74266	79050				73783	73473	70414	71 178	69 852	70482		72144	74581	91804	71812	72978	79858	77038	80483	84331	72002	70230	73543	71403	76252	80649	80295	80150	Vol_284=72466									72180	97946	72466	97753		93339	78871	103419	94776	94776	72666	74042		74228		77341		78886	74764	72562	93598		93623
285	50055		49915	50160	50410	49685	49930	50180	50425	49525		50020		50575	61165	61170	61395	61405	60955	60965	99025	99285	61395	133565									70950	70890			99085			70585		136640	71465	142900	86495		80071		86795	74187	71736	151003	70764	74369	79254				73927	73630	70561	71 336	69 997	70611		72290	74728	91986	71956	73126	80076	77205	80692	84550	72136	70378	73699	71543	73426	80869	80510	80364	Vol_285=72598									72311	98107	72598	97946		93512	79075	103688	94952	94952	72799	74177		74364		77541		79090	74905	72695	93773		93796
286	50075		49930	50180	50425	49705	49950	50195	50440	49545		50040		50610	61165	61175	61400	61405	60960	60965	99205	99465	61395	133835									71080	71030			99260			70730		136915	71605	143335	86665		80285		87017	74319	71880	151411	70902	74500	79456				74067	73783	70703	71491	70 137	70737		72432	74870	92163	72096	73269	80291	77369	80897	84765	72266	70522	73852	71680	76597	81086	80721	80577	Vol_286=72726									72439	98315	72726	98107		93679	79276	103954	95122	95122	72928	74308		74496		77738		79291	75041	72823	93942		93963
287	50095		49950	50195	50445	49720	49965	50215	50460	49560		50055		50650	61170	61175	61400	61405	60960	60975	99380	99645	61395	134100									71205	71170			99430			70870		137180	71740	143765	86830		80496		87237	74446	72020	151814	71036	74627	79655				74202	73932	70841	71643	70 274	70858		72570	75009	92335	72233	73409	80503	77529	81100	84978	72391	70662	74002	71812	76764	81300	80931	80787	Vol_287=72850									72561	98491	72850	98315		93840	79475	104216	95285	95285	73051	74434		74623		77933		79490	75173	72947	94105		94125
288	50110		49965	50215	50460	49740	49985	50230	50475	49580		50075		50685	61170	61180	61405	61405	60965	60975	99545	99815	61395	134350									71320	71310			99595			71110		137435	71870	144195	86995		80704		87453	74569	72157	152212	71165	74749	79851				74333	74078	70976	71791	70 406	70974		72704	75143	92501	72365	73546	80712	77684	81299	85187	72511	70797	74147	71939	76927	81512	81136	80994	Vol_288=72968									72679	98684	72968	98491		93996	79670	104475	95443	95443	73171	74556		74745		78124		79686	75300	73066	94262		94280
289	50130		49985	50230	50480	49755	50000	50250	50495	49595		50090		50720	61175	61180	61405	61415	60965	60975	99710	99980	61400	134610									71435	71440			99750			71135		137685	72000	144620	87150		80909		87665	74686	72289	152605	71291	74866	80044				74459	74219	71106	71935	70 534	71086		72834	75272	92661	72492	73676	80919	77836	81496	85394	72627	70928	74288	72063	77087	81720	81340	81198	Vol_289=73083									72792	98823	73083	98684		94145	79863	104730	95594	95594	73285	74672		74862		78313		79878	75422	73180	94413		94429
290	50145		50000	50250	50495	49775	50020	20265	50510	49615		50110		50755	61180	61185	61410	61415	60970	60975	99865	100135	61400	134850									71545	71570			99895			71260		137925	72125	145045	87300		81112		87875	74799	72418	152993	71412	74978	80234				74581	74356	71233	72076	70 658	71193		72959	75396	92815	72616	73803	81123	77984	81690	85597	72737	71055	74424	72182	77243	81926	81540	81399	Vol_290=73191									72901	98979	73191	98823		94287	80053	104981	95739	95739	73394	74783		74974		78499		80068	75539	73289	94557		94572
291	50165		50020	50265	50515	49790	50035	50285	50530	49630		50125		50790	61180	61185	61410	61415	60970	60985	100010	100290	61405	135080									71650	71690			100035			71385		138160	72245	145465	87445		81312		88081	74906	72542	153376	71528	75084	80421				74697	74489	71354	72 213	70 777	71294		73080	75516	92963	72734	73925	81324	78128	81880	85797	72842	71177	74557	72296	77394	82129	81738	81598	Vol_291=73295									73003	99151	73295	98979		94423	80240	105228	95877	95877	73498	74889		75081		78682		80255	75650	73393	94695		94708
292	50180		50040	50285	50530	49810	50055	50305	50550	49650		50145		50825	61185	61190	61415	61415	60975	60985	100145	100430	61405	135305									71750	71810			100145			71500		138385	72355	145880	87585		81509		88284	75007	72663	153752	71640	75185	80605				74808	74617	71472	72 346	70 891	71390		73195	75630	93105	72848	74041	81522	78267	82068	85994	72942	71295	74683	72405	77542	82329	81932	81792	Vol_292=73393									73100	99268	73393	99151		94551	80423	105471	96007	96007	73596	74989		75181		78862		80439	75755	73491	94824		94836
293	50200		50055	50300	50550	49825	50075	50320	50565	49665		50160		50860	61185	61195	61415	61425	60975	60985	100275	100565	61405	135515									71840	71920			100290			71615		138595	72465	146290	87720		81702		88484	75102	72779	154124	71747	75279	80786				74914	74741	71584	72475	71000	71480		73306	75738	93240	72957	74154	81717	78402	82252	86188	73035	71409	74805	72508	77686	82527	82123	81985	Vol_293=73485									73192	99400	73485	99268		94672	80604	105710	96129	96129	73689	75083		75276		79039		80619	75854	73583	94946		94957
294	50215		50075	50320	50565	49845	50090	50340	50585	49685		50180		50895	61190	61195	61420	61425	60980	60985	100395	100690	61405	135720									71930	72030			100405			71720		138800	72570	146695	87845		81893		88680	75191	72891	154489	71848	75367	80964				75013	74859	71691	72600	71 104	71564		73411	75840	93367	73060	74261	81909	78532	82433	86378	73122	71518	74922	72606	77825	82720	82312	82174	Vol_294=73570									73276	99547	73570	99400		94784	80781	105944	96243	96243	73774	75170		75364		79212		80797	75946	73669	95060		95069
295	50235		50090	50340	50585	49860	50110	50355	50600	49705		50200		50930	61190	61200	61420	61425	60980	60995	100505	100805	61410	135910									72010	72130			100505			71820		138990	72670	147100	87965		82080		88872	75273	72998	154849	71944	75448	81138				75107	74973	71793	72721	71202	71641		73510	75936	93487	73158	74361	82098	78657	82611	86564	73202	71620	75034	72698	77959	82911	82497	82360	Vol_295=73649									73354	99637	73649	99547		94887	80955	106175	96348	96348	73853	75251		75444		79383		80971	76031	73747	95165		95172
296	50250		50110	50355	50605			50375	50620						61195	61200	61425	61425	60985	60995	100605	100905	61410	136090									72080	72230			100600			71915		139170	72760	147500	88075		82265		89061	75347	73101	155203	72034	75521	81309				75193	75081	71890	72837	71294	71710		73603	76026	93599	73249	74456	82284	78778	82785	86747	73274	71718	75141	72783	78089	83099	82678	82542	Vol_296=73720									73425	99740	73720	99637		94980	81126	106401	96442	96442	73924	75323		75517		79550		81141	76107	73819	95259		95265
297	50270		50125	50375	50620			50390	50635						61195	61205	61425	61435	60990	60995	100685	100995	61415	136260									72145	72320			100685			72005		139340	72845	147895	88180		82446		89246	75413	73201	155551	72118	75585	81477				75273	75182	71980	72 949	71380	71771		73690	76107	93701	73334	74544	82466	78892	82956	86926	73432	71809	75240	72861	78215	83283	82857	82722	Vol_297=73782									73486	99855	73782	99740		95062	81293	106623	96525	96525	73987	75387		75581		79714		81309	76175	73881	95342		95347
298	50285		50145	50390	50640			50410	50655						61200	61205	61430	61435	60990	60995	100755	101075	61415	136415									72195	72400			100755			72085		139495	72925	148290	88280		82623		89428	75469	73298	155892	72195	75640	81641				75344	75278	72064	73057	71459	71823		73770	76181	93794	73413	74624	82645	79002	83123	87102	73455	71893	75332	72931	78335	83464	83031	82897	Vol_298=73835									73539	99908	73835	99855		95131	81457	106840	96596	96596	74040	75440		75636		79874		81472	76232	73934	95413		95417
299	50305		50160	50410	50655			50425	50670						61200	61210	61430	61435	60995	61005	100805	101135	61415	136555									72235	72475			100805			72160		139635	72995	148675	88365		82798		89605	75513	73397	156227	72265	75681	81801				75405	75366	72140	73161	71 530	71863		73842	76245	93876	73484	74698	82821	79105	83286	87273	73337	71970	75417	72992	78449	83642	83203	83070	Vol_299=73875									73579	99967	73875	99908		95185	81617	107052	96650	96650	74080	75482		75677		80031		81633	76277	73974	95467		95470
300	50325		50180	50425	50675			50445	50690						61205	61210	61435	61435	60995	61005	100820	101155	61415	136675									72260	72540			100835			72225		139760	73060	149060	88440		82968		89778	75540	73559	156556	72325	75705	81958				75454	75443	72208	73261	71593	71884		73906	76296	93945	73546	74762	82993	79202	83446	87447	73391	72039	75492	73042	78559	83816	83371	83239	Vol_300=73897									73600	100000	73897	99967		95214	81773	107259	96679	96679	74102	75504		75700		80184		81789	76301	73996	95497		95499
301	50340		50195	50445	50690											61215	61435	61445	61000	61005		101165	61420	136775										72595						72280		139865	73110	149435	88505		83136		89947			156877	72377		82110						72251	73358	71653			73959		93998	73598	74816	83162	79292	83602	87764					78662	83986	83535	83404																81926							75504		80333		81941	80333				
302	50360		50215	50460	50710											61215	61440	61445	61000	61015			61420	136850										72640						72320		139945	73155	149810	88555		83299		90112			157192	72417		82259						72287	73457	71694			74001		94027	73639	74856	83327	79375	83753	87764					78759	84152	83695	83565																									80479		82090	80479				
303	50375		50230	50480	50725											61220	61440	61455	61005	61015			61425	136875										72660						72340		139990	73175	150180	88600		83459		90272			157500	72438		82404						72317	73576	71716			74023			73661	74880	83488	79450	83901	87919					78849	84315	83851	83722																									80621		82235	80621				
304	50395		50250	50495	50745												61445	61455	61005	61015			61425																					150550			83614		90428			157800			82545						72337										83645	79516	84044	88069					78932	84474	84003	83876																									80758		82375	80758				
305	50410		50265	50515	50760												61450	61455	61010	61015			61425																					150910			83766		90580			158093			82681						72354										83798	79572	84183	88215					79007	84629	84152	84025																									80891		82511	80891				
306	50430			50445													61450	61455	61010	61025			61425																					151265			83914		90726			158378			82813						72367										83947	79615	84317	88356					79073	84780	84295	84170																									81020		82643	81020				
307	50445			50460													61455	61455	61015	61025			61430																					151615			84057		90867			158655			82940						72375										84092	79638	84447	88492					79129	84926	84435	84311																									81144		82770	81144				
308	50465			50480													61455	61455	61015	61025			61430																					151965			84196		91003			158924			83062						72380										84233		84572	88623					79171	85068	84570	84446																									81264		82892	81264				
309	50480			50495													91380	61465	61020	61025			61435																					152305			84331		91134			159184			83180																84369		84691	88748					79195	85205	84700	84578																									81379		83009	81379				
310	50500			50515														61465	61020	61035			61435																					152640			84460		91259			159435			83292																84500		84805	88869						85338	84824	84703																									81488		83121	81488				
311																		61465		61035			61435																					152970			84585		91378			159677			83398																84626		84914	88983						85465	84945	84825																									81592		83227	81592				
312																		61475		61035																								153300			84705		91490			159909			83499																84747		85017	89091						85587	85059	84940																									81690		83328	81690				
313																		61475		61035																								153620			84819		91596			160131			83593																84863		85113	89192						85704	85168	85050																									81783		83422	81783				
314																																												153935			84928		91695			160342			83681																84973		85203	89286						85815	85270	85154																									81869		83510	81869				
315																																												154245			85030		91787			160542			83762																85077		85285	89373						85921	85366	85251																									81948		83591	81948				
316																																												154545			85127		91869			160730			83835																85174		85359	89451						86019	85456	85342																									82019		83663	82019				
317																																												154845			85216		91943			160905			83899																85265		85425	89520						86111	85537	85424																									82081		83727	82081				
318																																												155140			85299		92006			161066			83953																85349		85480	89578						86196	85611	85499																									82134		83781	82134				
319																																												155420			85373		92056			161211			83994																85424		85522	89623						86272	85674	85564																									82175		83823	82175				
320																																												155700			85439		92089			161339			84017																85491		85545	89647						86339	85726	85616																									82197		83846	82197				
321																																												155970			85494					161448																			85547									86396																																		
322																																												156235			85537					161531																			85590									86439																																		
323																																												156495			85560					161600																			85614									86463																																		
324																																												156745																																																																						
325																																												156990																																																																						
326																																												157225																																																																						
327																																												157450																																																																						
328																																												157670																																																																						
329																																												157880																																																																						
330																																												158080																																																																						
331																																												158270																																																																						
332																																												158455																																																																						
333																																												158625																																																																						
334																																												158780																																																																						
335																																												158925																																																																						
336																																												159060																																																																						
337																																												159175																																																																						
338																																												159270																																																																						
339																																												159350																																																																						
340																																												159390																																																																						
